8,001,AA,AMERICAN AIRLINES ,,,,,,,,,,,,,,,,,,,,,,,,,,2023-01-18 11:54:27,2023-01-18 11:54:27,
9,002,2G,CARGOITALIA ,,,,,,,,,,,,,,,,,,,,,,,,,,2023-01-18 11:54:27,2023-01-18 11:54:27,
10,004,BV,BLUE PANORAMA AIRLINES ,,,,,,,,,,,,,,,,,,,,,,,,,,2023-01-18 11:54:27,2023-01-18 11:54:27,
11,005,CO,CONTINENTAL AIRLINES ,,,,,,,,,,,,,,,,,,,,,,,,,,2023-01-18 11:54:27,2023-01-18 11:54:27,
12,006,DL,DELTA AIR LINES ,,,,,,,,,,,,,,,,,,,,,,,,,,2023-01-18 11:54:27,2023-01-18 11:54:27,
13,012,NW,NORTHWEST AIRLINES ,,,,,,,,,,,,,,,,,,,,,,,,,,2023-01-18 11:54:27,2023-01-18 11:54:27,
14,014,AC,AIR CANADA CARGO,,,,,,,,,,,,,,,,,,,,,,,,,,2023-01-18 11:54:27,2023-01-18 11:54:27,
15,016,UA,UNITED AIRLINES ,,,,,,,,,,,,,,,,,,,,,,,,,,2023-01-18 11:54:27,2023-01-18 11:54:27,
16,020,LH,LUFTHANSA ,,,,,,,,,,,,,,,,,,,,,,,,,,2023-01-18 11:54:27,2023-01-18 11:54:27,
17,021,V3,CARPATAIR,,,,,,,,,,,,,,,,,,,,,,,,,,2023-01-18 11:54:27,2023-01-18 11:54:27,
18,023,FX,FEDEX EXPRESS,,,,,,,,,,,,,,,,,,,,,,,,,,2023-01-18 11:54:27,2023-01-18 11:54:27,
19,027,AS,ALASKA AIRLINES ,,,,,,,,,,,,,,,,,,,,,,,,,,2023-01-18 11:54:27,2023-01-18 11:54:27,
20,032,ZU,AJET ,,,,,,,,,,,,,,,,,,,,,,,,,,2023-01-18 11:54:27,2023-01-18 11:54:27,
21,034,GC,GAMBIA INTERNATIONAL AIRLINES ,,,,,,,,,,,,,,,,,,,,,,,,,,2023-01-18 11:54:27,2023-01-18 11:54:27,
22,036,EC,AVIALEASING AVIATION COMPANY ,,,,,,,,,,,,,,,,,,,,,,,,,,2023-01-18 11:54:27,2023-01-18 11:54:27,
23,037,US,US AIRWAYS ,,,,,,,,,,,,,,,,,,,,,,,,,,2023-01-18 11:54:27,2023-01-18 11:54:27,
24,041,JQ,JETSTAR AIRWAYS ,,,,,,,,,,,,,,,,,,,,,,,,,,2023-01-18 11:54:27,2023-01-18 11:54:27,
25,042,RG,VARIG ,,,,,,,,,,,,,,,,,,,,,,,,,,2023-01-18 11:54:27,2023-01-18 11:54:27,
26,043,KA,DRAGONAIR ,,,,,,,,,,,,,,,,,,,,,,,,,,2023-01-18 11:54:27,2023-01-18 11:54:27,
27,045,LA,LAN AIRLINES ,,,,,,,,,,,,,,,,,,,,,,,,,,2023-01-18 11:54:27,2023-01-18 11:54:27,
28,047,TP,TAP - AIR PORTUGAL ,,,,,,,,,,,,,,,,,,,,,,,,,,2023-01-18 11:54:27,2023-01-18 11:54:27,
29,048,CY,CYPRUS AIRWAYS ,,,,,,,,,,,,,,,,,,,,,,,,,,2023-01-18 11:54:27,2023-01-18 11:54:27,
30,050,OA,OLYMPIC AIRLINES ,,,,,,,,,,,,,,,,,,,,,,,,,,2023-01-18 11:54:27,2023-01-18 11:54:27,
31,053,EI,AER LINGUS ,,,,,,,,,,,,,,,,,,,,,,,,,,2023-01-18 11:54:27,2023-01-18 11:54:27,
32,054,9P,PELANGI AIRWAYS,,,,,,,,,,,,,,,,,,,,,,,,,,2023-01-18 11:54:27,2023-01-18 11:54:27,
33,055,AZ,ALITALIA ,,,,,,,,,,,,,,,,,,,,,,,,,,2023-01-18 11:54:27,2023-01-18 11:54:27,
34,057,AF,AIR FRANCE ,,,,,,,,,,,,,,,,,,,,,,,,,,2023-01-18 11:54:27,2023-01-18 11:54:27,
35,058,IC,INDIAN AIRLINES ,,,,,,,,,,,,,,,,,,,,,,,,,,2023-01-18 11:54:27,2023-01-18 11:54:27,
36,060,Y2,FLYGLOBESPAN ,,,,,,,,,,,,,,,,,,,,,,,,,,2023-01-18 11:54:27,2023-01-18 11:54:27,
37,061,HM,AIR SEYCHELLES ,,,,,,,,,,,,,,,,,,,,,,,,,,2023-01-18 11:54:27,2023-01-18 11:54:27,
38,064,OK,CSA CZECH AIRLINES ,,,,,,,,,,,,,,,,,,,,,,,,,,2023-01-18 11:54:27,2023-01-18 11:54:27,
39,065,SV,SAUDI ARABIAN AIRLINES ,,,,,,,,,,,,,,,,,,,,,,,,,,2023-01-18 11:54:27,2023-01-18 11:54:27,
40,067,Y4,EAGLE AVIATION ,,,,,,,,,,,,,,,,,,,,,,,,,,2023-01-18 11:54:27,2023-01-18 11:54:27,
41,071,ET,ETHIOPIAN AIRLINES ,,,,,,,,,,,,,,,,,,,,,,,,,,2023-01-18 11:54:27,2023-01-18 11:54:27,
42,072,GF,GULF AIR ,,,,,,,,,,,,,,,,,,,,,,,,,,2023-01-18 11:54:27,2023-01-18 11:54:27,
43,073,IA,IRAQI AIRWAYS ,,,,,,,,,,,,,,,,,,,,,,,,,,2023-01-18 11:54:27,2023-01-18 11:54:27,
44,074,KL,KLM CARGO,,,,,,,,,,,,,,,,,,,,,,,,,,2023-01-18 11:54:27,2023-01-18 11:54:27,
45,075,IB,IBERIA ,,,,,,,,,,,,,,,,,,,,,,,,,,2023-01-18 11:54:27,2023-01-18 11:54:27,
46,076,ME,MIDDLE EAST AIRLINES,,,,,,,,,,,,,,,,,,,,,,,,,,2023-01-18 11:54:27,2023-01-18 11:54:27,
47,077,MS,EGYPTAIR ,,,,,,,,,,,,,,,,,,,,,,,,,,2023-01-18 11:54:27,2023-01-18 11:54:27,
48,079,PR,PHILIPPINE AIRLINES ,,,,,,,,,,,,,,,,,,,,,,,,,,2023-01-18 11:54:27,2023-01-18 11:54:27,
49,081,QF,QANTAS AIRWAYS ,,,,,,,,,,,,,,,,,,,,,,,,,,2023-01-18 11:54:27,2023-01-18 11:54:27,
50,082,SN,BRUSSELS AIRLINES ,,,,,,,,,,,,,,,,,,,,,,,,,,2023-01-18 11:54:27,2023-01-18 11:54:27,
51,083,SA,SOUTH AFRICAN AIRWAYS ,,,,,,,,,,,,,,,,,,,,,,,,,,2023-01-18 11:54:27,2023-01-18 11:54:27,
52,085,SR,SWISSAIR CARGO,,,,,,,,,,,,,,,,,,,,,,,,,,2023-01-18 11:54:27,2023-01-18 11:54:27,
53,086,NZ,AIR NEW ZEALAND ,,,,,,,,,,,,,,,,,,,,,,,,,,2023-01-18 11:54:27,2023-01-18 11:54:27,
54,087,WT,NIGERIA AIRWAYS ,,,,,,,,,,,,,,,,,,,,,,,,,,2023-01-18 11:54:27,2023-01-18 11:54:27,
55,090,AN,ANSETT AUSTRALIA CARGO,,,,,,,,,,,,,,,,,,,,,,,,,,2023-01-18 11:54:27,2023-01-18 11:54:27,
56,091,DP,FIRST CHOICE AIRWAYS ,,,,,,,,,,,,,,,,,,,,,,,,,,2023-01-18 11:54:27,2023-01-18 11:54:27,
57,093,KD,KALININGRADAVIA ,,,,,,,,,,,,,,,,,,,,,,,,,,2023-01-18 11:54:27,2023-01-18 11:54:27,
58,094,4C,CLICK AIRWAYS ,,,,,,,,,,,,,,,,,,,,,,,,,,2023-01-18 11:54:27,2023-01-18 11:54:27,
59,096,IR,IRAN AIR ,,,,,,,,,,,,,,,,,,,,,,,,,,2023-01-18 11:54:27,2023-01-18 11:54:27,
60,098,AI,AIR INDIA ,,,,,,,,,,,,,,,,,,,,,,,,,,2023-01-18 11:54:27,2023-01-18 11:54:27,
61,105,AY,FINNAIR CARGO,,,,,,,,,,,,,,,,,,,,,,,,,,2023-01-18 11:54:27,2023-01-18 11:54:27,
62,107,C2,AIR LUXOR STP ,,,,,,,,,,,,,,,,,,,,,,,,,,2023-01-18 11:54:27,2023-01-18 11:54:27,
63,108,FI,ICELANDAIR ,,,,,,,,,,,,,,,,,,,,,,,,,,2023-01-18 11:54:27,2023-01-18 11:54:27,
64,111,I6,SKYEYES AIRWAYS,,,,,,,,,,,,,,,,,,,,,,,,,,2023-01-18 11:54:27,2023-01-18 11:54:27,
65,114,LY,EL AL ISRAEL AIRLINES ,,,,,,,,,,,,,,,,,,,,,,,,,,2023-01-18 11:54:27,2023-01-18 11:54:27,
66,117,SK,SAS CARGO,,,,,,,,,,,,,,,,,,,,,,,,,,2023-01-18 11:54:27,2023-01-18 11:54:27,
67,118,DT,TAAG - LINHAS AEREAS DE ANGOLA AIRLINES ,,,,,,,,,,,,,,,,,,,,,,,,,,2023-01-18 11:54:27,2023-01-18 11:54:27,
68,120,JS,AIR KORYO ,,,,,,,,,,,,,,,,,,,,,,,,,,2023-01-18 11:54:27,2023-01-18 11:54:27,
69,125,BA,BRITISH AIRWAYS WORLD CARGO,,,,,,,,,,,,,,,,,,,,,,,,,,2023-01-18 11:54:27,2023-01-18 11:54:27,
70,126,GA,GARUDA INDONESIA,,,,,,,,,,,,,,,,,,,,,,,,,,2023-01-18 11:54:27,2023-01-18 11:54:27,
71,128,UO,HELICOPTERS HONG KONG ,,,,,,,,,,,,,,,,,,,,,,,,,,2023-01-18 11:54:27,2023-01-18 11:54:27,
72,131,JL,JAPAN AIRLINES CARGO,,,,,,,,,,,,,,,,,,,,,,,,,,2023-01-18 11:54:27,2023-01-18 11:54:27,
73,132,MX,MEXICANA ,,,,,,,,,,,,,,,,,,,,,,,,,,2023-01-18 11:54:27,2023-01-18 11:54:27,
74,134,AV,AVIANCA ,,,,,,,,,,,,,,,,,,,,,,,,,,2023-01-18 11:54:27,2023-01-18 11:54:27,
75,135,VT,AIR TAHITI ,,,,,,,,,,,,,,,,,,,,,,,,,,2023-01-18 11:54:27,2023-01-18 11:54:27,
76,136,CU,CUBANA ,,,,,,,,,,,,,,,,,,,,,,,,,,2023-01-18 11:54:27,2023-01-18 11:54:27,
77,138,QH,ALTYN AIR AIRLINES ,,,,,,,,,,,,,,,,,,,,,,,,,,2023-01-18 11:54:27,2023-01-18 11:54:27,
78,139,AM,AEROMEXICO ,,,,,,,,,,,,,,,,,,,,,,,,,,2023-01-18 11:54:27,2023-01-18 11:54:27,
79,141,ZC,ROYAL SWAZI NATIONAL AIRWAYS ,,,,,,,,,,,,,,,,,,,,,,,,,,2023-01-18 11:54:27,2023-01-18 11:54:27,
80,142,KF,BLUE1 ,,,,,,,,,,,,,,,,,,,,,,,,,,2023-01-18 11:54:27,2023-01-18 11:54:27,
81,148,LN,LIBYAN ARAB AIRLINES ,,,,,,,,,,,,,,,,,,,,,,,,,,2023-01-18 11:54:27,2023-01-18 11:54:27,
82,149,LG,LUXAIR ,,,,,,,,,,,,,,,,,,,,,,,,,,2023-01-18 11:54:27,2023-01-18 11:54:27,
83,151,R5,JORDAN AVIATION ,,,,,,,,,,,,,,,,,,,,,,,,,,2023-01-18 11:54:27,2023-01-18 11:54:27,
84,156,2I,STAR PERU ,,,,,,,,,,,,,,,,,,,,,,,,,,2023-01-18 11:54:27,2023-01-18 11:54:27,
85,157,QR,QATAR AIRWAYS ,,,,,,,,,,,,,,,,,,,,,,,,,,2023-01-18 11:54:27,2023-01-18 11:54:27,
86,160,CX,CATHAY PACIFIC AIRWAYS,,,,,,,,,,,,,,,,,,,,,,,,,,2023-01-18 11:54:27,2023-01-18 11:54:27,
87,162,PH,POLYNESIAN ,,,,,,,,,,,,,,,,,,,,,,,,,,2023-01-18 11:54:27,2023-01-18 11:54:27,
88,163,A5,AIRLINAIR ,,,,,,,,,,,,,,,,,,,,,,,,,,2023-01-18 11:54:27,2023-01-18 11:54:27,
89,165,JP,ADRIA AIRWAYS ,,,,,,,,,,,,,,,,,,,,,,,,,,2023-01-18 11:54:27,2023-01-18 11:54:27,
90,166,IK,IMAIR AIRLINE ,,,,,,,,,,,,,,,,,,,,,,,,,,2023-01-18 11:54:27,2023-01-18 11:54:27,
91,167,QM,AIR MALAWI ,,,,,,,,,,,,,,,,,,,,,,,,,,2023-01-18 11:54:27,2023-01-18 11:54:27,
92,168,UM,AIR ZIMBABWE,,,,,,,,,,,,,,,,,,,,,,,,,,2023-01-18 11:54:27,2023-01-18 11:54:27,
93,172,CV,CARGOLUX AIRLINES INTERNATIONAL ,,,,,,,,,,,,,,,,,,,,,,,,,,2023-01-18 11:54:27,2023-01-18 11:54:27,
94,173,HA,HAWAIIAN AIRLINES ,,,,,,,,,,,,,,,,,,,,,,,,,,2023-01-18 11:54:27,2023-01-18 11:54:27,
95,176,EK,EMIRATES,,,,,,,,,,,,,,,,,,,,,,,,,,2023-01-18 11:54:27,2023-01-18 11:54:27,
96,180,KE,KOREAN AIR,,,,,,,,,,,,,,,,,,,,,,,,,,2023-01-18 11:54:27,2023-01-18 11:54:27,
97,182,MA,MALEV ,,,,,,,,,,,,,,,,,,,,,,,,,,2023-01-18 11:54:27,2023-01-18 11:54:27,
98,183,LC,VARIGLOG,,,,,,,,,,,,,,,,,,,,,,,,,,2023-01-18 11:54:27,2023-01-18 11:54:27,
99,185,GN,AIR GABON ,,,,,,,,,,,,,,,,,,,,,,,,,,2023-01-18 11:54:27,2023-01-18 11:54:27,
100,186,SW,AIR NAMIBIA ,,,,,,,,,,,,,,,,,,,,,,,,,,2023-01-18 11:54:27,2023-01-18 11:54:27,
101,191,IG,MERIDIANA ,,,,,,,,,,,,,,,,,,,,,,,,,,2023-01-18 11:54:27,2023-01-18 11:54:27,
102,197,TC,AIR TANZANIA ,,,,,,,,,,,,,,,,,,,,,,,,,,2023-01-18 11:54:27,2023-01-18 11:54:27,
103,200,SD,SUDAN AIRWAYS ,,,,,,,,,,,,,,,,,,,,,,,,,,2023-01-18 11:54:27,2023-01-18 11:54:27,
104,203,5J,CEBU PACIFIC,,,,,,,,,,,,,,,,,,,,,,,,,,2023-01-18 11:54:27,2023-01-18 11:54:27,
105,205,NH,"ALL NIPPON AIRWAYS CO., LTD",,,,,,,,,,,,,,,,,,,,,,,,,,2023-01-18 11:54:27,2023-01-18 11:54:27,
106,208,B3,BELLVIEW AIRLINES ,,,,,,,,,,,,,,,,,,,,,,,,,,2023-01-18 11:54:27,2023-01-18 11:54:27,
107,209,UB,MYANMAR AIRWAYS ,,,,,,,,,,,,,,,,,,,,,,,,,,2023-01-18 11:54:27,2023-01-18 11:54:27,
108,214,PK,PAKISTAN INTERNATIONAL AIRLINES ,,,,,,,,,,,,,,,,,,,,,,,,,,2023-01-18 11:54:27,2023-01-18 11:54:27,
109,216,FC,FINNCOMM ,,,,,,,,,,,,,,,,,,,,,,,,,,2023-01-18 11:54:27,2023-01-18 11:54:27,
110,217,TG,THAI AIRWAYS intL PUBLIC CO.LTD,,,,,,,,,,,,,,,,,,,,,,,,,,2023-01-18 11:54:27,2023-01-18 11:54:27,
111,218,NF,AIR VANUATU ,,,,,,,,,,,,,,,,,,,,,,,,,,2023-01-18 11:54:27,2023-01-18 11:54:27,
112,224,FR,RYANAIR ,,,,,,,,,,,,,,,,,,,,,,,,,,2023-01-18 11:54:27,2023-01-18 11:54:27,
113,229,KU,KUWAIT AIRWAYS,,,,,,,,,,,,,,,,,,,,,,,,,,2023-01-18 11:54:27,2023-01-18 11:54:27,
114,231,NG,LAUDA AIR,,,,,,,,,,,,,,,,,,,,,,,,,,2023-01-18 11:54:27,2023-01-18 11:54:27,
115,232,MH,MALAYSIA AIRLINES SYSTEM BHD,,,,,,,,,,,,,,,,,,,,,,,,,,2023-01-18 11:54:27,2023-01-18 11:54:27,
116,235,TK,TURKISH AIRLINES ,,,,,,,,,,,,,,,,,,,,,,,,,,2023-01-18 11:54:27,2023-01-18 11:54:27,
117,236,BD,BMI ,,,,,,,,,,,,,,,,,,,,,,,,,,2023-01-18 11:54:27,2023-01-18 11:54:27,
118,238,IZ,ARKIA - ISRAELI AIRLINES ,,,,,,,,,,,,,,,,,,,,,,,,,,2023-01-18 11:54:27,2023-01-18 11:54:27,
119,239,MK,AIR MAURITIUS ,,,,,,,,,,,,,,,,,,,,,,,,,,2023-01-18 11:54:27,2023-01-18 11:54:27,
120,250,HY,UZBEKISTAN AIRWAYS,,,,,,,,,,,,,,,,,,,,,,,,,,2023-01-18 11:54:27,2023-01-18 11:54:27,
121,253,U4,PROGRESS MULTITRADE ,,,,,,,,,,,,,,,,,,,,,,,,,,2023-01-18 11:54:27,2023-01-18 11:54:27,
122,255,FG,ARIANA AFGHAN AIRLINES ,,,,,,,,,,,,,,,,,,,,,,,,,,2023-01-18 11:54:27,2023-01-18 11:54:27,
123,257,OS,AUSTRIAN AIRLINES AG,,,,,,,,,,,,,,,,,,,,,,,,,,2023-01-18 11:54:27,2023-01-18 11:54:27,
124,258,MD,AIR MADAGASCAR ,,,,,,,,,,,,,,,,,,,,,,,,,,2023-01-18 11:54:27,2023-01-18 11:54:27,
125,261,I5,COMPANGIE AERIENNE DU MALI S.A. ,,,,,,,,,,,,,,,,,,,,,,,,,,2023-01-18 11:54:27,2023-01-18 11:54:27,
126,265,EF,FAR EASTERN AIR TRANSPORT ,,,,,,,,,,,,,,,,,,,,,,,,,,2023-01-18 11:54:27,2023-01-18 11:54:27,
127,266,LT,LTU INTERNATIONAL AIRWAYS,,,,,,,,,,,,,,,,,,,,,,,,,,2023-01-18 11:54:27,2023-01-18 11:54:27,
128,267,BE,FLYBE ,,,,,,,,,,,,,,,,,,,,,,,,,,2023-01-18 11:54:27,2023-01-18 11:54:27,
129,268,G4,ALLEGIANT AIR ,,,,,,,,,,,,,,,,,,,,,,,,,,2023-01-18 11:54:27,2023-01-18 11:54:27,
130,285,RA,ROYAL NEPAL AIRLINES ,,,,,,,,,,,,,,,,,,,,,,,,,,2023-01-18 11:54:27,2023-01-18 11:54:27,
131,288,LD,AIR HONG KONG ,,,,,,,,,,,,,,,,,,,,,,,,,,2023-01-18 11:54:27,2023-01-18 11:54:27,
132,289,OM,MIAT - MONGOLIAN AIRLINES ,,,,,,,,,,,,,,,,,,,,,,,,,,2023-01-18 11:54:27,2023-01-18 11:54:27,
133,290,BF,BLUEBIRD CARGO ,,,,,,,,,,,,,,,,,,,,,,,,,,2023-01-18 11:54:27,2023-01-18 11:54:27,
134,297,CI,CHINA AIRLINES ,,,,,,,,,,,,,,,,,,,,,,,,,,2023-01-18 11:54:27,2023-01-18 11:54:27,
135,299,6F,AEROTRANS AIRLINES ,,,,,,,,,,,,,,,,,,,,,,,,,,2023-01-18 11:54:27,2023-01-18 11:54:27,
136,02Y,2Y,"",,,,,,,,,,,,,,,,,,,,,,,,,,2023-01-18 11:54:27,2023-01-18 11:54:27,
137,305,B5,EAST AFRICAN SAFARI AIR EXPRESS ,,,,,,,,,,,,,,,,,,,,,,,,,,2023-01-18 11:54:27,2023-01-18 11:54:27,
138,312,IP,ATYRAU AUE JOLY ,,,,,,,,,,,,,,,,,,,,,,,,,,2023-01-18 11:54:27,2023-01-18 11:54:27,
139,313,7K,KOGALYMAVIA AIRLINES ,,,,,,,,,,,,,,,,,,,,,,,,,,2023-01-18 11:54:27,2023-01-18 11:54:27,
140,324,SC,SHANDONG AIRLINES,,,,,,,,,,,,,,,,,,,,,,,,,,2023-01-18 11:54:27,2023-01-18 11:54:27,
141,328,DY,NORWEGIAN AIR SHUTTLE ,,,,,,,,,,,,,,,,,,,,,,,,,,2023-01-18 11:54:27,2023-01-18 11:54:27,
142,348,KV,KAVMINVODYAVIA ,,,,,,,,,,,,,,,,,,,,,,,,,,2023-01-18 11:54:27,2023-01-18 11:54:27,
143,351,XV,IVOIRE AIRWAYS ,,,,,,,,,,,,,,,,,,,,,,,,,,2023-01-18 11:54:27,2023-01-18 11:54:27,
144,357,9C,WIMBI DIRA AIRWAYS ,,,,,,,,,,,,,,,,,,,,,,,,,,2023-01-18 11:54:27,2023-01-18 11:54:27,
145,362,Y7,SILVERJET ,,,,,,,,,,,,,,,,,,,,,,,,,,2023-01-18 11:54:27,2023-01-18 11:54:27,
146,368,7Y,MID AIRLINES ,,,,,,,,,,,,,,,,,,,,,,,,,,2023-01-18 11:54:27,2023-01-18 11:54:27,
147,375,3K,JETSTAR ASIA AIRWAYS ,,,,,,,,,,,,,,,,,,,,,,,,,,2023-01-18 11:54:27,2023-01-18 11:54:27,
148,380,8A,ATLAS BLUE ,,,,,,,,,,,,,,,,,,,,,,,,,,2023-01-18 11:54:27,2023-01-18 11:54:27,
149,383,QL,AERO LANKA ,,,,,,,,,,,,,,,,,,,,,,,,,,2023-01-18 11:54:27,2023-01-18 11:54:27,
150,384,RQ,KAM AIR ,,,,,,,,,,,,,,,,,,,,,,,,,,2023-01-18 11:54:27,2023-01-18 11:54:27,
151,388,TR,TIGER AIRWAYS,,,,,,,,,,,,,,,,,,,,,,,,,,2023-01-18 11:54:27,2023-01-18 11:54:27,
152,397,G6,ANGKOR AIRWAYS ,,,,,,,,,,,,,,,,,,,,,,,,,,2023-01-18 11:54:27,2023-01-18 11:54:27,
153,399,QB,GEORGIAN NATIONAL AIRLINES ,,,,,,,,,,,,,,,,,,,,,,,,,,2023-01-18 11:54:27,2023-01-18 11:54:27,
154,406,5X,UPS AIRLINES,,,,,,,,,,,,,,,,,,,,,,,,,,2023-01-18 11:54:27,2023-01-18 11:54:27,
155,423,2Z,JOINT STOCK COMPANY VORONSZH AIRCRAFT ,,,,,,,,,,,,,,,,,,,,,,,,,,2023-01-18 11:54:27,2023-01-18 11:54:27,
156,431,ID,INTERLINK AIRLINES ,,,,,,,,,,,,,,,,,,,,,,,,,,2023-01-18 11:54:27,2023-01-18 11:54:27,
157,439,ZI,AIGLE AZUR ,,,,,,,,,,,,,,,,,,,,,,,,,,2023-01-18 11:54:27,2023-01-18 11:54:27,
158,442,OF,AIR FINLAND ,,,,,,,,,,,,,,,,,,,,,,,,,,2023-01-18 11:54:27,2023-01-18 11:54:27,
159,443,P0,PROFLIGHT COMMUTER SERVICES ,,,,,,,,,,,,,,,,,,,,,,,,,,2023-01-18 11:54:27,2023-01-18 11:54:27,
160,444,GO,KUZU AIRLINES CARGO ,,,,,,,,,,,,,,,,,,,,,,,,,,2023-01-18 11:54:27,2023-01-18 11:54:27,
161,445,X9,CITY STAR AIRLINES ,,,,,,,,,,,,,,,,,,,,,,,,,,2023-01-18 11:54:27,2023-01-18 11:54:27,
162,447,F5,COSMIC AIR ,,,,,,,,,,,,,,,,,,,,,,,,,,2023-01-18 11:54:27,2023-01-18 11:54:27,
163,453,YX,MIDWEST AIRLINES ,,,,,,,,,,,,,,,,,,,,,,,,,,2023-01-18 11:54:27,2023-01-18 11:54:27,
164,460,EB,AIR PULLMANTUR ,,,,,,,,,,,,,,,,,,,,,,,,,,2023-01-18 11:54:27,2023-01-18 11:54:27,
165,465,4L,AIR ASTANA ,,,,,,,,,,,,,,,,,,,,,,,,,,2023-01-18 11:54:27,2023-01-18 11:54:27,
166,469,4M,LAN ARGENTINA ,,,,,,,,,,,,,,,,,,,,,,,,,,2023-01-18 11:54:27,2023-01-18 11:54:27,
167,475,UI,EUROCYPRIA AIRLINES ,,,,,,,,,,,,,,,,,,,,,,,,,,2023-01-18 11:54:27,2023-01-18 11:54:27,
168,484,ED,AIRBLUE ,,,,,,,,,,,,,,,,,,,,,,,,,,2023-01-18 11:54:27,2023-01-18 11:54:27,
169,486,L8,AIR LUXOR GB ,,,,,,,,,,,,,,,,,,,,,,,,,,2023-01-18 11:54:27,2023-01-18 11:54:27,
170,491,B9,IRAN AIR TOURS ,,,,,,,,,,,,,,,,,,,,,,,,,,2023-01-18 11:54:27,2023-01-18 11:54:27,
171,494,EZ,EVERGREEN INTERNATIONAL AIRLINES,,,,,,,,,,,,,,,,,,,,,,,,,,2023-01-18 11:54:27,2023-01-18 11:54:27,
172,508,QJ,JET AIRWAYS,,,,,,,,,,,,,,,,,,,,,,,,,,2023-01-18 11:54:27,2023-01-18 11:54:27,
173,509,Z9,AERO ZAMBIA ,,,,,,,,,,,,,,,,,,,,,,,,,,2023-01-18 11:54:27,2023-01-18 11:54:27,
174,512,RJ,ROYAL JORDANIAN ,,,,,,,,,,,,,,,,,,,,,,,,,,2023-01-18 11:54:27,2023-01-18 11:54:27,
175,514,G9,AIR ARABIA ,,,,,,,,,,,,,,,,,,,,,,,,,,2023-01-18 11:54:27,2023-01-18 11:54:27,
176,515,Q8,PACIFIC EAST ASIA CARGO AIRLINES,,,,,,,,,,,,,,,,,,,,,,,,,,2023-01-18 11:54:27,2023-01-18 11:54:27,
177,526,WN,SOUTHWEST AIRLINES ,,,,,,,,,,,,,,,,,,,,,,,,,,2023-01-18 11:54:27,2023-01-18 11:54:27,
178,532,E4,AERO ASIA INTERNATIONAL ,,,,,,,,,,,,,,,,,,,,,,,,,,2023-01-18 11:54:27,2023-01-18 11:54:27,
179,539,TH,TRANSMILE AIR SERVICES,,,,,,,,,,,,,,,,,,,,,,,,,,2023-01-18 11:54:27,2023-01-18 11:54:27,
180,543,9Q,PB AIR ,,,,,,,,,,,,,,,,,,,,,,,,,,2023-01-18 11:54:27,2023-01-18 11:54:27,
181,544,LP,LAN PERU ,,,,,,,,,,,,,,,,,,,,,,,,,,2023-01-18 11:54:27,2023-01-18 11:54:27,
182,547,2K,AEROLINEAS GALAPAGOS AEROGAL ,,,,,,,,,,,,,,,,,,,,,,,,,,2023-01-18 11:54:27,2023-01-18 11:54:27,
183,555,SU,AEROFLOT RUSSIAN AIRLINES ,,,,,,,,,,,,,,,,,,,,,,,,,,2023-01-18 11:54:27,2023-01-18 11:54:27,
184,556,9T,ACT AIRLINES ,,,,,,,,,,,,,,,,,,,,,,,,,,2023-01-18 11:54:27,2023-01-18 11:54:27,
185,560,H8,DALAVIA ,,,,,,,,,,,,,,,,,,,,,,,,,,2023-01-18 11:54:27,2023-01-18 11:54:27,
186,564,XQ,SUNEXPRESS ,,,,,,,,,,,,,,,,,,,,,,,,,,2023-01-18 11:54:27,2023-01-18 11:54:27,
187,566,PS,UKRAINE INTERNATIONAL AIRLINES ,,,,,,,,,,,,,,,,,,,,,,,,,,2023-01-18 11:54:27,2023-01-18 11:54:27,
188,567,CE,NATIONWIDE AIRLINES ,,,,,,,,,,,,,,,,,,,,,,,,,,2023-01-18 11:54:27,2023-01-18 11:54:27,
189,572,9U,AIR MOLDOVA ,,,,,,,,,,,,,,,,,,,,,,,,,,2023-01-18 11:54:27,2023-01-18 11:54:27,
190,574,4W,ALLIED AIR ,,,,,,,,,,,,,,,,,,,,,,,,,,2023-01-18 11:54:27,2023-01-18 11:54:27,
191,589,9W,JET AIRWAYS,,,,,,,,,,,,,,,,,,,,,,,,,,2023-01-18 11:54:27,2023-01-18 11:54:27,
192,592,3Q,CHINA YUNNAN AIRLINES ,,,,,,,,,,,,,,,,,,,,,,,,,,2023-01-18 11:54:27,2023-01-18 11:54:27,
193,596,CS,AIR MICRONESIA CARGO,,,,,,,,,,,,,,,,,,,,,,,,,,2023-01-18 11:54:27,2023-01-18 11:54:27,
194,599,8M,MYANMAR AIRWAYS INTERNATIONAL ,,,,,,,,,,,,,,,,,,,,,,,,,,2023-01-18 11:54:27,2023-01-18 11:54:27,
195,603,UL,SRILANKAN AIRLINES,,,,,,,,,,,,,,,,,,,,,,,,,,2023-01-18 11:54:27,2023-01-18 11:54:27,
196,604,UY,CAMEROON AIRLINES ,,,,,,,,,,,,,,,,,,,,,,,,,,2023-01-18 11:54:27,2023-01-18 11:54:27,
197,606,A9,GEORGIAN AIRWAYS ,,,,,,,,,,,,,,,,,,,,,,,,,,2023-01-18 11:54:27,2023-01-18 11:54:27,
198,607,EY,ETIHAD AIRWAYS ,,,,,,,,,,,,,,,,,,,,,,,,,,2023-01-18 11:54:27,2023-01-18 11:54:27,
199,610,KK,ATLASJE,,,,,,,,,,,,,,,,,,,,,,,,,,2023-01-18 11:54:27,2023-01-18 11:54:27,
200,615,QY,EUROPEAN AIR TRANSPORT,,,,,,,,,,,,,,,,,,,,,,,,,,2023-01-18 11:54:27,2023-01-18 11:54:27,
201,618,SQ,SINGAPORE AIRLINES CARGO PTE LTD,,,,,,,,,,,,,,,,,,,,,,,,,,2023-01-18 11:54:27,2023-01-18 11:54:27,
202,619,G2,AVIREX ,,,,,,,,,,,,,,,,,,,,,,,,,,2023-01-18 11:54:27,2023-01-18 11:54:27,
203,620,BZ,BLUE DART AVIATION ,,,,,,,,,,,,,,,,,,,,,,,,,,2023-01-18 11:54:27,2023-01-18 11:54:27,
204,621,MZ,MERPATI ,,,,,,,,,,,,,,,,,,,,,,,,,,2023-01-18 11:54:27,2023-01-18 11:54:27,
205,624,H9,PEGASUS ,,,,,,,,,,,,,,,,,,,,,,,,,,2023-01-18 11:54:27,2023-01-18 11:54:27,
206,625,D6,INTERAIR SOUTH AFRICA ,,,,,,,,,,,,,,,,,,,,,,,,,,2023-01-18 11:54:27,2023-01-18 11:54:27,
207,627,QV,LAO AIRLINES ,,,,,,,,,,,,,,,,,,,,,,,,,,2023-01-18 11:54:27,2023-01-18 11:54:27,
208,629,MI,SILKAIR,,,,,,,,,,,,,,,,,,,,,,,,,,2023-01-18 11:54:27,2023-01-18 11:54:27,
209,643,KM,AIR MALTA ,,,,,,,,,,,,,,,,,,,,,,,,,,2023-01-18 11:54:27,2023-01-18 11:54:27,
210,645,6P,CLUB AIR ,,,,,,,,,,,,,,,,,,,,,,,,,,2023-01-18 11:54:27,2023-01-18 11:54:27,
211,649,TS,AIR TRANSAT ,,,,,,,,,,,,,,,,,,,,,,,,,,2023-01-18 11:54:27,2023-01-18 11:54:27,
212,651,XO,CHINA XINJIANG AIRLINES ,,,,,,,,,,,,,,,,,,,,,,,,,,2023-01-18 11:54:27,2023-01-18 11:54:27,
213,656,PX,AIR NIUGINI ,,,,,,,,,,,,,,,,,,,,,,,,,,2023-01-18 11:54:27,2023-01-18 11:54:27,
214,657,BT,AIR BALTIC ,,,,,,,,,,,,,,,,,,,,,,,,,,2023-01-18 11:54:27,2023-01-18 11:54:27,
215,658,VJ,ROYAL AIR CAMBODGE,,,,,,,,,,,,,,,,,,,,,,,,,,2023-01-18 11:54:27,2023-01-18 11:54:27,
216,661,3D,AIR PEOPLE INTERNATIONAL ,,,,,,,,,,,,,,,,,,,,,,,,,,2023-01-18 11:54:27,2023-01-18 11:54:27,
217,666,BO,BOURAQ INDONESIA AIRLINES ,,,,,,,,,,,,,,,,,,,,,,,,,,2023-01-18 11:54:27,2023-01-18 11:54:27,
218,669,U8,ARMAVIA ,,,,,,,,,,,,,,,,,,,,,,,,,,2023-01-18 11:54:27,2023-01-18 11:54:27,
219,670,UN,TRANSAERO AIRLINES,,,,,,,,,,,,,,,,,,,,,,,,,,2023-01-18 11:54:27,2023-01-18 11:54:27,
220,671,7P,BATAVIA AIR ,,,,,,,,,,,,,,,,,,,,,,,,,,2023-01-18 11:54:27,2023-01-18 11:54:27,
221,672,BI,ROYAL BRUNEI AIRLINES ,,,,,,,,,,,,,,,,,,,,,,,,,,2023-01-18 11:54:27,2023-01-18 11:54:27,
222,675,NX,AIR MACAU ,,,,,,,,,,,,,,,,,,,,,,,,,,2023-01-18 11:54:27,2023-01-18 11:54:27,
223,678,G0,GHANA INTERNATIONAL AIRLINES ,,,,,,,,,,,,,,,,,,,,,,,,,,2023-01-18 11:54:27,2023-01-18 11:54:27,
224,680,JK,SPANAIR ,,,,,,,,,,,,,,,,,,,,,,,,,,2023-01-18 11:54:27,2023-01-18 11:54:27,
225,682,WZ,WEST AFRICAN AIRLINES ,,,,,,,,,,,,,,,,,,,,,,,,,,2023-01-18 11:54:27,2023-01-18 11:54:27,
226,687,YJ,AMIYI AIRLINES ,,,,,,,,,,,,,,,,,,,,,,,,,,2023-01-18 11:54:27,2023-01-18 11:54:27,
227,688,EG,JAPAN ASIA AIRWAYS ,,,,,,,,,,,,,,,,,,,,,,,,,,2023-01-18 11:54:27,2023-01-18 11:54:27,
228,690,LJ,SIERRA NATIONAL AIRLINES ,,,,,,,,,,,,,,,,,,,,,,,,,,2023-01-18 11:54:27,2023-01-18 11:54:27,
229,695,BR,EVA AIR,,,,,,,,,,,,,,,,,,,,,,,,,,2023-01-18 11:54:27,2023-01-18 11:54:27,
230,698,7L,"",,,,,,,,,,,,,,,,,,,,,,,,,,2023-01-18 11:54:27,2023-01-18 11:54:27,
231,705,S2,SAHARA AIRLINES,,,,,,,,,,,,,,,,,,,,,,,,,,2023-01-18 11:54:27,2023-01-18 11:54:27,
232,706,KQ,KENYA AIRWAYS ,,,,,,,,,,,,,,,,,,,,,,,,,,2023-01-18 11:54:27,2023-01-18 11:54:27,
233,708,JO,JALWAYS ,,,,,,,,,,,,,,,,,,,,,,,,,,2023-01-18 11:54:27,2023-01-18 11:54:27,
234,713,RH,REPUBLIC EXPRESS AIRLINES ,,,,,,,,,,,,,,,,,,,,,,,,,,2023-01-18 11:54:27,2023-01-18 11:54:27,
235,716,MB,MNG AIRLINES ,,,,,,,,,,,,,,,,,,,,,,,,,,2023-01-18 11:54:27,2023-01-18 11:54:27,
236,723,QA,CLICK MEXICANA ,,,,,,,,,,,,,,,,,,,,,,,,,,2023-01-18 11:54:27,2023-01-18 11:54:27,
237,724,LX,SWISS intL AIRLINES,,,,,,,,,,,,,,,,,,,,,,,,,,2023-01-18 11:54:27,2023-01-18 11:54:27,
238,730,HT,AEROMIST - KHARKIV ,,,,,,,,,,,,,,,,,,,,,,,,,,2023-01-18 11:54:27,2023-01-18 11:54:27,
239,731,MF,XIAMEN AIRLINES,,,,,,,,,,,,,,,,,,,,,,,,,,2023-01-18 11:54:27,2023-01-18 11:54:27,
240,738,VN,VIETNAM AIRLINES,,,,,,,,,,,,,,,,,,,,,,,,,,2023-01-18 11:54:27,2023-01-18 11:54:27,
241,745,AB,AIR BERLIN ,,,,,,,,,,,,,,,,,,,,,,,,,,2023-01-18 11:54:27,2023-01-18 11:54:27,
242,749,4Z,SOUTH AFRICAN AIRLINK ,,,,,,,,,,,,,,,,,,,,,,,,,,2023-01-18 11:54:27,2023-01-18 11:54:27,
243,752,JZ,SKYWAYS EXPRESS ,,,,,,,,,,,,,,,,,,,,,,,,,,2023-01-18 11:54:27,2023-01-18 11:54:27,
244,755,GZ,AIR RAROTONGA ,,,,,,,,,,,,,,,,,,,,,,,,,,2023-01-18 11:54:27,2023-01-18 11:54:27,
245,760,UU,AIR AUSTRAL ,,,,,,,,,,,,,,,,,,,,,,,,,,2023-01-18 11:54:27,2023-01-18 11:54:27,
246,761,WD,DAS AIR CARGO,,,,,,,,,,,,,,,,,,,,,,,,,,2023-01-18 11:54:27,2023-01-18 11:54:27,
247,768,EL,AIR NIPPON ,,,,,,,,,,,,,,,,,,,,,,,,,,2023-01-18 11:54:27,2023-01-18 11:54:27,
248,771,J2,AZERBAIJAN AIRLINES ,,,,,,,,,,,,,,,,,,,,,,,,,,2023-01-18 11:54:27,2023-01-18 11:54:27,
249,779,0D,DARWIN AIRLINE ,,,,,,,,,,,,,,,,,,,,,,,,,,2023-01-18 11:54:27,2023-01-18 11:54:27,
250,780,Y9,KISH AIR ,,,,,,,,,,,,,,,,,,,,,,,,,,2023-01-18 11:54:27,2023-01-18 11:54:27,
251,781,MU,CHINA EASTERN AIRLINES ,,,,,,,,,,,,,,,,,,,,,,,,,,2023-01-18 11:54:27,2023-01-18 11:54:27,
252,783,WH,CHINA NORTHWEST AIRLINES ,,,,,,,,,,,,,,,,,,,,,,,,,,2023-01-18 11:54:27,2023-01-18 11:54:27,
253,784,CZ,CHINA SOUTHERN AIRLINES ,,,,,,,,,,,,,,,,,,,,,,,,,,2023-01-18 11:54:27,2023-01-18 11:54:27,
254,785,SZ,CHINA SOUTHWEST AIRLINES,,,,,,,,,,,,,,,,,,,,,,,,,,2023-01-18 11:54:27,2023-01-18 11:54:27,
255,786,VK,VIRGIN NIGERIA AIRWAYS ,,,,,,,,,,,,,,,,,,,,,,,,,,2023-01-18 11:54:27,2023-01-18 11:54:27,
256,787,KB,DRUK AIR CORPORATION ,,,,,,,,,,,,,,,,,,,,,,,,,,2023-01-18 11:54:27,2023-01-18 11:54:27,
257,788,1F,INFINI TRAVEL INFORMATION ,,,,,,,,,,,,,,,,,,,,,,,,,,2023-01-18 11:54:27,2023-01-18 11:54:27,
258,796,BJ,NOUVELAIR TUNISIE ,,,,,,,,,,,,,,,,,,,,,,,,,,2023-01-18 11:54:27,2023-01-18 11:54:27,
259,803,AE,MANDARIN AIRLINES,,,,,,,,,,,,,,,,,,,,,,,,,,2023-01-18 11:54:27,2023-01-18 11:54:27,
260,804,8Y,CHINA POSTAL AIRLINES ,,,,,,,,,,,,,,,,,,,,,,,,,,2023-01-18 11:54:27,2023-01-18 11:54:27,
261,805,4X,MERCURY AIR CARGO DBA MERCURY WORLD,,,,,,,,,,,,,,,,,,,,,,,,,,2023-01-18 11:54:27,2023-01-18 11:54:27,
262,807,FD,THAI AIR ASIA ,,,,,,,,,,,,,,,,,,,,,,,,,,2023-01-18 11:54:27,2023-01-18 11:54:27,
263,810,M6,AMERIJET AIRLINES,,,,,,,,,,,,,,,,,,,,,,,,,,2023-01-18 11:54:27,2023-01-18 11:54:27,
264,815,EP,IRAN ASSEMAN AIRLINES ,,,,,,,,,,,,,,,,,,,,,,,,,,2023-01-18 11:54:27,2023-01-18 11:54:27,
265,817,MJ,MIHIN LANKA,,,,,,,,,,,,,,,,,,,,,,,,,,2023-01-18 11:54:27,2023-01-18 11:54:27,
266,819,N6,AIR ONE NINE ,,,,,,,,,,,,,,,,,,,,,,,,,,2023-01-18 11:54:27,2023-01-18 11:54:27,
267,821,6K,INTER EXPRESS ,,,,,,,,,,,,,,,,,,,,,,,,,,2023-01-18 11:54:27,2023-01-18 11:54:27,
268,822,KN,CHINA UNITED AIRLINES ,,,,,,,,,,,,,,,,,,,,,,,,,,2023-01-18 11:54:27,2023-01-18 11:54:27,
269,824,XT,AIR EXEL NETHERLANDS ,,,,,,,,,,,,,,,,,,,,,,,,,,2023-01-18 11:54:27,2023-01-18 11:54:27,
270,825,FM,SHANGHAI AIRLINES ,,,,,,,,,,,,,,,,,,,,,,,,,,2023-01-18 11:54:27,2023-01-18 11:54:27,
271,829,PG,BANGKOK AIRWAYS ,,,,,,,,,,,,,,,,,,,,,,,,,,2023-01-18 11:54:27,2023-01-18 11:54:27,
272,831,OU,CROATIA AIRLINES ,,,,,,,,,,,,,,,,,,,,,,,,,,2023-01-18 11:54:27,2023-01-18 11:54:27,
273,836,Q9,AFRINAT INTERNATIONAL AIRLINES ,,,,,,,,,,,,,,,,,,,,,,,,,,2023-01-18 11:54:27,2023-01-18 11:54:27,
274,837,E2,KAMPUCHEA AIRLINES ,,,,,,,,,,,,,,,,,,,,,,,,,,2023-01-18 11:54:27,2023-01-18 11:54:27,
275,838,WS,WESTJET ,,,,,,,,,,,,,,,,,,,,,,,,,,2023-01-18 11:54:27,2023-01-18 11:54:27,
276,846,ZK,GREAT LAKES AVIATION ,,,,,,,,,,,,,,,,,,,,,,,,,,2023-01-18 11:54:27,2023-01-18 11:54:27,
277,851,N8,CR AIRWAYS ,,,,,,,,,,,,,,,,,,,,,,,,,,2023-01-18 11:54:27,2023-01-18 11:54:27,
278,853,QP,AIRKENYA EXPRESS ,,,,,,,,,,,,,,,,,,,,,,,,,,2023-01-18 11:54:27,2023-01-18 11:54:27,
279,856,DJ,VIRGIN BLUE AIRLINES ,,,,,,,,,,,,,,,,,,,,,,,,,,2023-01-18 11:54:27,2023-01-18 11:54:27,
280,859,8L,LUCKY AIR ,,,,,,,,,,,,,,,,,,,,,,,,,,2023-01-18 11:54:27,2023-01-18 11:54:27,
281,864,GM,TRI MG AIRLINES,,,,,,,,,,,,,,,,,,,,,,,,,,2023-01-18 11:54:27,2023-01-18 11:54:27,
282,867,AP,AIR ONE ,,,,,,,,,,,,,,,,,,,,,,,,,,2023-01-18 11:54:27,2023-01-18 11:54:27,
283,871,Y8,YANGTZE RIVER EXPRESS AIRLINES,,,,,,,,,,,,,,,,,,,,,,,,,,2023-01-18 11:54:27,2023-01-18 11:54:27,
284,880,HU,HAINAN AIRLINES,,,,,,,,,,,,,,,,,,,,,,,,,,2023-01-18 11:54:27,2023-01-18 11:54:27,
285,883,8C,EAST STAR AIRLINES ,,,,,,,,,,,,,,,,,,,,,,,,,,2023-01-18 11:54:27,2023-01-18 11:54:27,
286,896,VF,VALUAIR,,,,,,,,,,,,,,,,,,,,,,,,,,2023-01-18 11:54:27,2023-01-18 11:54:27,
287,897,7D,DONBASSAERO AIRLINE ,,,,,,,,,,,,,,,,,,,,,,,,,,2023-01-18 11:54:27,2023-01-18 11:54:27,
288,898,DF,DEER JET ,,,,,,,,,,,,,,,,,,,,,,,,,,2023-01-18 11:54:27,2023-01-18 11:54:27,
289,899,ZL,REX REGIONAL EXPRESS ,,,,,,,,,,,,,,,,,,,,,,,,,,2023-01-18 11:54:27,2023-01-18 11:54:27,
290,900,T2,THAI AIR CARGO,,,,,,,,,,,,,,,,,,,,,,,,,,2023-01-18 11:54:27,2023-01-18 11:54:27,
291,904,MV,ARMENIAN INTERNATIONAL AIRWAYS ,,,,,,,,,,,,,,,,,,,,,,,,,,2023-01-18 11:54:27,2023-01-18 11:54:27,
292,907,QN,AIR ARMENIA ,,,,,,,,,,,,,,,,,,,,,,,,,,2023-01-18 11:54:27,2023-01-18 11:54:27,
293,908,OG,ONE TWO GO AIRLINES ,,,,,,,,,,,,,,,,,,,,,,,,,,2023-01-18 11:54:27,2023-01-18 11:54:27,
294,915,5R,KARTHAGO AIRLINES ,,,,,,,,,,,,,,,,,,,,,,,,,,2023-01-18 11:54:27,2023-01-18 11:54:27,
295,918,OE,ASIA OVERNIGHT EXPRESS ,,,,,,,,,,,,,,,,,,,,,,,,,,2023-01-18 11:54:27,2023-01-18 11:54:27,
296,923,SS,CORSAIRFLY ,,,,,,,,,,,,,,,,,,,,,,,,,,2023-01-18 11:54:27,2023-01-18 11:54:27,
297,932,VS,VIRGIN ATLANTIC AIRWAYS ,,,,,,,,,,,,,,,,,,,,,,,,,,2023-01-18 11:54:27,2023-01-18 11:54:27,
298,933,KZ,NIPPON CARGO AIRLINES ,,,,,,,,,,,,,,,,,,,,,,,,,,2023-01-18 11:54:27,2023-01-18 11:54:27,
299,934,G4,GRIZODUBOVA AIR ,,,,,,,,,,,,,,,,,,,,,,,,,,2023-01-18 11:54:27,2023-01-18 11:54:27,
300,936,5I,AIR G,,,,,,,,,,,,,,,,,,,,,,,,,,2023-01-18 11:54:27,2023-01-18 11:54:27,
301,958,8G,ANGEL AIRLINES ,,,,,,,,,,,,,,,,,,,,,,,,,,2023-01-18 11:54:27,2023-01-18 11:54:27,
302,960,OV,ESTONIAN AIR ,,,,,,,,,,,,,,,,,,,,,,,,,,2023-01-18 11:54:27,2023-01-18 11:54:27,
303,974,ZB,MONARCH AIRLINES ,,,,,,,,,,,,,,,,,,,,,,,,,,2023-01-18 11:54:27,2023-01-18 11:54:27,
304,975,QZ,INDONESIA AIRASIA ,,,,,,,,,,,,,,,,,,,,,,,,,,2023-01-18 11:54:27,2023-01-18 11:54:27,
305,979,HV,TRANSAVIA ,,,,,,,,,,,,,,,,,,,,,,,,,,2023-01-18 11:54:27,2023-01-18 11:54:27,
306,986,Q2,ISLAND AVIATION SERVICES,,,,,,,,,,,,,,,,,,,,,,,,,,2023-01-18 11:54:27,2023-01-18 11:54:27,
307,988,OZ,ASIANA AIRLINES ,,,,,,,,,,,,,,,,,,,,,,,,,,2023-01-18 11:54:27,2023-01-18 11:54:27,
308,990,JT,LION AIRLINES,,,,,,,,,,,,,,,,,,,,,,,,,,2023-01-18 11:54:27,2023-01-18 11:54:27,
309,996,UX,AIR EUROPA ,,,,,,,,,,,,,,,,,,,,,,,,,,2023-01-18 11:54:27,2023-01-18 11:54:27,
310,997,BG,BIMAN BANGLADESH AIRLINES ,,,,,,,,,,,,,,,,,,,,,,,,,,2023-01-18 11:54:27,2023-01-18 11:54:27,
311,999,CA,AIR CHINA ,,,,,,,,,,,,,,,,,,,,,,,,,,2023-01-18 11:54:27,2023-01-18 11:54:27,
312,0AK,AK,AIR ASIA,,,,,,,,,,,,,,,,,,,,,,,,,,2023-01-18 11:54:27,2023-01-18 11:54:27,
313,0MH,MY,MALAYSIA AIRLINE,,,,,,,,,,,,,,,,,,,,,,,,,,2023-01-18 11:54:27,2023-01-18 11:54:27,
