13,"",PEN HOLDER,f,2023-01-25 10:36:39,2023-01-25 10:36:39,
14,AND BRAN,AND BRAND,f,2023-01-25 10:36:39,2023-01-25 10:36:39,
15,0001,EDIBLE ANIMAL AND VEGETABLE,f,2023-01-25 10:36:39,2023-01-25 10:36:39,
16,0002,DRY/FRESH FRUIT,f,2023-01-25 10:36:39,2023-01-25 10:36:39,
17,0003,AIR COND PARTS,f,2023-01-25 10:36:39,2023-01-25 10:36:39,
18,0004,TILES,f,2023-01-25 10:36:39,2023-01-25 10:36:39,
19,0005,AIR COMPRESSOR,f,2023-01-25 10:36:39,2023-01-25 10:36:39,
20,0006,PET FOODS,f,2023-01-25 10:36:39,2023-01-25 10:36:39,
21,0007,FIRE EXTINGUISER,f,2023-01-25 10:36:39,2023-01-25 10:36:39,
22,AC MOTOR,AC MOTOR,f,2023-01-25 10:36:39,2023-01-25 10:36:39,
23,ACCESORIES,ACCESSORIES,f,2023-01-25 10:36:39,2023-01-25 10:36:39,
24,ACCESSORIE,CAR ACCESSORIES,f,2023-01-25 10:36:39,2023-01-25 10:36:39,
25,ACRYLIC,CAST ACRYLIC SHEET,f,2023-01-25 10:36:39,2023-01-25 10:36:39,
26,ACTUATOR,ACTUATOR (SS PINION),f,2023-01-25 10:36:39,2023-01-25 10:36:39,
27,AGARWOODS,AGARWOODS,f,2023-01-25 10:36:39,2023-01-25 10:36:39,
28,AGELOC MIR,AGELOC MIRROR,f,2023-01-25 10:36:39,2023-01-25 10:36:39,
29,AIR FRAYER,AIR FRAYER MODEL MAF09,f,2023-01-25 10:36:39,2023-01-25 10:36:39,
30,AIRCON,AIRCON PARTS,f,2023-01-25 10:36:39,2023-01-25 10:36:39,
31,ALUMINIUM,ALUMINIUM CAN,f,2023-01-25 10:36:39,2023-01-25 10:36:39,
32,ALUPRO,ALUMINIUM PROFILES,f,2023-01-25 10:36:39,2023-01-25 10:36:39,
33,AMILYTE,AMILYTE,f,2023-01-25 10:36:39,2023-01-25 10:36:39,
34,AMPRO AG,AMPRO AG-GD480,f,2023-01-25 10:36:39,2023-01-25 10:36:39,
35,ANTIMONYTR,ANTIMONY TRIOXIDE,f,2023-01-25 10:36:39,2023-01-25 10:36:39,
36,APPLIANCES,KNIFE,f,2023-01-25 10:36:39,2023-01-25 10:36:39,
37,APPLICTR,APPLICATOR PART & CONNECTOR,f,2023-01-25 10:36:39,2023-01-25 10:36:39,
38,APRN PLATE,APRON PLATE ,f,2023-01-25 10:36:39,2023-01-25 10:36:39,
39,ASSE,ASSEMBLY BEARING,f,2023-01-25 10:36:39,2023-01-25 10:36:39,
40,ASSY,TOOL ASSY ,f,2023-01-25 10:36:39,2023-01-25 10:36:39,
41,ASTY,ASSORTED TOYS,f,2023-01-25 10:36:39,2023-01-25 10:36:39,
42,AUDIO,AUDIO ,f,2023-01-25 10:36:39,2023-01-25 10:36:39,
43,AUTOMOBILE,HONDA AUTOMOBILE PART: HEAD ASSY CYLINDER,f,2023-01-25 10:36:39,2023-01-25 10:36:39,
44,AUTOMOTIVE,AUTOMOTIFE PART,f,2023-01-25 10:36:39,2023-01-25 10:36:39,
45,BABY GOODS,BABY PRODUCT,f,2023-01-25 10:36:39,2023-01-25 10:36:39,
46,BAG,PAPER SHOPPING BAGS,f,2023-01-25 10:36:39,2023-01-25 10:36:39,
47,BAGS,PAPER SHOPPING BAGS,f,2023-01-25 10:36:39,2023-01-25 10:36:39,
48,BAREPUMP,FLOWSERVE BAREPUMP,f,2023-01-25 10:36:39,2023-01-25 10:36:39,
49,BASIC CAR,BASIC CAR ASST,f,2023-01-25 10:36:39,2023-01-25 10:36:39,
50,BATCH CONT,BATCH CONTER MACHINE,f,2023-01-25 10:36:39,2023-01-25 10:36:39,
51,BATTERY,CELL TRAK-V BATTERY MONITORING SYSTEM,f,2023-01-25 10:36:39,2023-01-25 10:36:39,
52,BEADS,HOLE SEW THRU GEMSTONES AND POINTED BEADS,f,2023-01-25 10:36:39,2023-01-25 10:36:39,
53,BEAMAN,BEARING MANDREL,f,2023-01-25 10:36:39,2023-01-25 10:36:39,
54,BEARING,BEARING HOUSING ADAPTER,f,2023-01-25 10:36:39,2023-01-25 10:36:39,
55,BENZYL,BENZYL ACETATE 99% MIN.,f,2023-01-25 10:36:39,2023-01-25 10:36:39,
56,BENZYL BEN,BENZYL BENZOATE,f,2023-01-25 10:36:39,2023-01-25 10:36:39,
57,BENZYLALC,BENZYL ALCOHOL,f,2023-01-25 10:36:39,2023-01-25 10:36:39,
58,BENZYLSALI,BENZYLSALICYLATE,f,2023-01-25 10:36:39,2023-01-25 10:36:39,
59,BERRY,BERRYS EASY RISER,f,2023-01-25 10:36:39,2023-01-25 10:36:39,
60,BEVER,BEVERAGE,f,2023-01-25 10:36:39,2023-01-25 10:36:39,
61,BICYCLES,BICYCLES,f,2023-01-25 10:36:39,2023-01-25 10:36:39,
62,BL01,ACCESORRIES FOR ROLL HANDLING,f,2023-01-25 10:36:39,2023-01-25 10:36:39,
63,BLACK TEA,BLACK TEA,f,2023-01-25 10:36:39,2023-01-25 10:36:39,
64,BLS,BALES,f,2023-01-25 10:36:39,2023-01-25 10:36:39,
65,BOAPAR,BOARDING PARTS,f,2023-01-25 10:36:39,2023-01-25 10:36:39,
66,BOARD,BOARD,f,2023-01-25 10:36:39,2023-01-25 10:36:39,
67,BOARD HAND,BOARD HANDLING SYSTEM,f,2023-01-25 10:36:39,2023-01-25 10:36:39,
68,BODYCARE,COSMETICS BODY CARE,f,2023-01-25 10:36:39,2023-01-25 10:36:39,
69,BODYTRI,BODY TRIMMER,f,2023-01-25 10:36:39,2023-01-25 10:36:39,
70,BOTTOM,BOTTOM GUIDE OIL EQUIPMENT,t,2023-01-25 10:36:39,2023-01-25 10:36:39,
71,BR,BEER,f,2023-01-25 10:36:39,2023-01-25 10:36:39,
72,BRA,TRIPLE THREAT STRAPLESS MULTI WAY BRA,f,2023-01-25 10:36:39,2023-01-25 10:36:39,
73,BRACAB,BRANCH CABLE,f,2023-01-25 10:36:39,2023-01-25 10:36:39,
74,BRB,BOARDING BRIDGE PASSANGER,f,2023-01-25 10:36:39,2023-01-25 10:36:39,
75,BREASTPUMP,BREAST MILK PUMP,f,2023-01-25 10:36:39,2023-01-25 10:36:39,
76,BREW,SUPER STRONG BREW,f,2023-01-25 10:36:39,2023-01-25 10:36:39,
77,BRUSH,BRUSH  CANISTER SET,f,2023-01-25 10:36:39,2023-01-25 10:36:39,
78,BUILDER,BUILDER HARDWARE,f,2023-01-25 10:36:39,2023-01-25 10:36:39,
79,CABLE,CABLE,f,2023-01-25 10:36:39,2023-01-25 10:36:39,
80,CANVAS,EMBROIDERY CANVAS BAG,f,2023-01-25 10:36:39,2023-01-25 10:36:39,
81,CANVASWASH,CANVAS WASHABLE TOTEBAG,f,2023-01-25 10:36:39,2023-01-25 10:36:39,
82,CAP KAKI,CAP KAKI TIGA,f,2023-01-25 10:36:39,2023-01-25 10:36:39,
83,CAR02,CARBON FILM,f,2023-01-25 10:36:39,2023-01-25 10:36:39,
84,CARD,PLASTIC CARD,f,2023-01-25 10:36:39,2023-01-25 10:36:39,
85,CARPET,CARPET TILE ,f,2023-01-25 10:36:39,2023-01-25 10:36:39,
86,CARPLATE,CARRIER PLAT ( COPE & DRAG ),f,2023-01-25 10:36:39,2023-01-25 10:36:39,
87,CASTING ME,CASTING METAL,f,2023-01-25 10:36:39,2023-01-25 10:36:39,
88,CBS,CABINET SYSTEM AND ACCESSORIES,f,2023-01-25 10:36:39,2023-01-25 10:36:39,
89,CENTERING,CENTERING DEVICES,f,2023-01-25 10:36:39,2023-01-25 10:36:39,
90,CERAMICMUG,CERAMICMUG,f,2023-01-25 10:36:39,2023-01-25 10:36:39,
91,CHAIRLIFT,CHAIRLIFT,f,2023-01-25 10:36:39,2023-01-25 10:36:39,
92,CHE,CHEMICAL,f,2023-01-25 10:36:39,2023-01-25 10:36:39,
93,CHIPPER,CHIPPER BACK KNIFE SOLID BC,f,2023-01-25 10:36:39,2023-01-25 10:36:39,
94,CHOKE,CHOKE VALVES,f,2023-01-25 10:36:39,2023-01-25 10:36:39,
95,CIMAREC,CIMAREC,f,2023-01-25 10:36:39,2023-01-25 10:36:39,
96,CLOCK,CLOCK,f,2023-01-25 10:36:39,2023-01-25 10:36:39,
97,CNTR,SOC CONTAINER,f,2023-01-25 10:36:39,2023-01-25 10:36:39,
98,COAL,COAL BURNER,f,2023-01-25 10:36:39,2023-01-25 10:36:39,
99,COFEEPOW,INSTANT COFFEE POWDER,f,2023-01-25 10:36:39,2023-01-25 10:36:39,
100,COFFEE,COFFEE BEAN,f,2023-01-25 10:36:39,2023-01-25 10:36:39,
101,COLD,COLD SHEAR BLADE FOR ANGLE BAR,f,2023-01-25 10:36:39,2023-01-25 10:36:39,
102,COMPLTCOIL,COMPLETE COIL,f,2023-01-25 10:36:39,2023-01-25 10:36:39,
103,COMPRESSED,AIR CANNED COMPRESSED AND METER SURVERY,f,2023-01-25 10:36:39,2023-01-25 10:36:39,
104,COMPUTER,COMPUTER,f,2023-01-25 10:36:39,2023-01-25 10:36:39,
105,CONCENTRAT,DUCT CONCENTRATOR,f,2023-01-25 10:36:39,2023-01-25 10:36:39,
106,CONNECTOR,CONNECTOR TERMINAL,f,2023-01-25 10:36:39,2023-01-25 10:36:39,
107,CONVEYOR,CONVEYOR FLUID COUPLING,f,2023-01-25 10:36:39,2023-01-25 10:36:39,
108,CONVEYOR S,CONVEYOR SYSTEM,f,2023-01-25 10:36:39,2023-01-25 10:36:39,
109,CONVEYORBE,CONVEYOR BELT,f,2023-01-25 10:36:39,2023-01-25 10:36:39,
110,COPPER CLA,COPPER CLAD LAMINATE,f,2023-01-25 10:36:39,2023-01-25 10:36:39,
111,CORDAFLEX,CORDAFLEX,f,2023-01-25 10:36:39,2023-01-25 10:36:39,
112,CORE MOLD,CORE MOLD,f,2023-01-25 10:36:39,2023-01-25 10:36:39,
113,CORRUGATOR,CORRUGATOR,f,2023-01-25 10:36:39,2023-01-25 10:36:39,
114,COSMETICS,COSMETICS,f,2023-01-25 10:36:39,2023-01-25 10:36:39,
115,COSU,COCONUT SUGAR ,f,2023-01-25 10:36:39,2023-01-25 10:36:39,
116,COUPLING,COUPLING,f,2023-01-25 10:36:39,2023-01-25 10:36:39,
117,CR,CAR,f,2023-01-25 10:36:39,2023-01-25 10:36:39,
118,CROSUB,CROSSOVER SUBS,f,2023-01-25 10:36:39,2023-01-25 10:36:39,
119,CRT,CARTONS,f,2023-01-25 10:36:39,2023-01-25 10:36:39,
120,CS,CASE,f,2023-01-25 10:36:39,2023-01-25 10:36:39,
121,CTN,EMPTY CARTON - BOX,f,2023-01-25 10:36:39,2023-01-25 10:36:39,
122,CUP,PLASTIC CUP,f,2023-01-25 10:36:39,2023-01-25 10:36:39,
123,CYLINDER,CYLINDER HIDRAULIC,f,2023-01-25 10:36:39,2023-01-25 10:36:39,
124,DAYWEAR BR,DAYWEAR BRA,f,2023-01-25 10:36:39,2023-01-25 10:36:39,
125,DEODORIZER,DEODORIZER,f,2023-01-25 10:36:39,2023-01-25 10:36:39,
126,DETECTOR,NAL DETECTOR FOR ALLSCAN,f,2023-01-25 10:36:39,2023-01-25 10:36:39,
127,DIESEL PAR,PARTS OF ENGINE,f,2023-01-25 10:36:39,2023-01-25 10:36:39,
128,DISPLAYS,DISPLAYS-FIXTURES,f,2023-01-25 10:36:39,2023-01-25 10:36:39,
129,DOOR STRAP,ADJUSTABLE DOOR STRAP,f,2023-01-25 10:36:39,2023-01-25 10:36:39,
130,DOUBLE FAC,DOUBLE FACERS DOOR,f,2023-01-25 10:36:39,2023-01-25 10:36:39,
131,DR,DRUMS,f,2023-01-25 10:36:39,2023-01-25 10:36:39,
132,DRILL PIPE,DRILL PIPE,f,2023-01-25 10:36:39,2023-01-25 10:36:39,
133,DRILLBIT,DRILL BIT,f,2023-01-25 10:36:39,2023-01-25 10:36:39,
134,DRIVE,DRIVE WHEEL,f,2023-01-25 10:36:39,2023-01-25 10:36:39,
135,DRIVEASSY,DRIVE ASSY 70 SERIES,f,2023-01-25 10:36:39,2023-01-25 10:36:39,
136,DRS,STEEL DRUMS,f,2023-01-25 10:36:39,2023-01-25 10:36:39,
137,DURCOCENTR,DURCO CENTRIFUGAL,f,2023-01-25 10:36:39,2023-01-25 10:36:39,
138,DUST,DUST COLLECTOR,f,2023-01-25 10:36:39,2023-01-25 10:36:39,
139,E-HEATFLOW,E-HEATFLOW PROBE C/W ACCESSORIES,f,2023-01-25 10:36:39,2023-01-25 10:36:39,
140,ELASTIC,ELASTIC WEBBING,f,2023-01-25 10:36:39,2023-01-25 10:36:39,
141,ELCB,ELECTRIC CABLE,f,2023-01-25 10:36:39,2023-01-25 10:36:39,
142,ELECFAN,ELECTRIC FAN ,f,2023-01-25 10:36:39,2023-01-25 10:36:39,
143,ELECTONICS,ELECTONICS,f,2023-01-25 10:36:39,2023-01-25 10:36:39,
144,ELECTRICAL,ELECTRICAL PARTS,f,2023-01-25 10:36:39,2023-01-25 10:36:39,
145,ELECTROLYZ,ELECTROLYZER CELL BLOCK,f,2023-01-25 10:36:39,2023-01-25 10:36:39,
146,ELECTROPLA,ELECTROPLATING CHEMICALS,f,2023-01-25 10:36:39,2023-01-25 10:36:39,
147,ENGINE,ENGINE PARTS,f,2023-01-25 10:36:39,2023-01-25 10:36:39,
148,ERASER,ERASER,f,2023-01-25 10:36:39,2023-01-25 10:36:39,
149,EVASH,EVA SHEETS ,f,2023-01-25 10:36:39,2023-01-25 10:36:39,
150,EXCAVATOR,EXCAVATOR PARTS,f,2023-01-25 10:36:39,2023-01-25 10:36:39,
151,EYELASH,100% NON-STRETCH EYELASH LACE,f,2023-01-25 10:36:39,2023-01-25 10:36:39,
152,FABRIC,FABRIC,f,2023-01-25 10:36:39,2023-01-25 10:36:39,
153,FACE MASK,FACE MASK,f,2023-01-25 10:36:39,2023-01-25 10:36:39,
154,FACIAL,FACIAL MASSAGER,f,2023-01-25 10:36:39,2023-01-25 10:36:39,
155,FAN PART,FAN PART,f,2023-01-25 10:36:39,2023-01-25 10:36:39,
156,FANMOT,FAN MOTOR & CAPACITOR,f,2023-01-25 10:36:39,2023-01-25 10:36:39,
157,FERTILIZER,FERTILIZER OD ANDERSONS,f,2023-01-25 10:36:39,2023-01-25 10:36:39,
158,FIGURES,FIGURES,f,2023-01-25 10:36:39,2023-01-25 10:36:39,
159,FILTERS,FILTERS,f,2023-01-25 10:36:39,2023-01-25 10:36:39,
160,FIRESTONE,FIRESTONE,f,2023-01-25 10:36:39,2023-01-25 10:36:39,
161,FLAVOUR,FLAVOUR,f,2023-01-25 10:36:39,2023-01-25 10:36:39,
162,FLEECE,POLY POLAR FLEECE,t,2023-01-25 10:36:39,2023-01-25 10:36:39,
163,FLENDER,FLENDER GEAR,f,2023-01-25 10:36:39,2023-01-25 10:36:39,
164,FLU01,FLUID COUPLING,f,2023-01-25 10:36:39,2023-01-25 10:36:39,
165,FMT,FAN MOTOR & CAPACITOR,f,2023-01-25 10:36:39,2023-01-25 10:36:39,
166,FOAM TANK,FOAM TANK,f,2023-01-25 10:36:39,2023-01-25 10:36:39,
167,FOLDING,FOLDING MACHINE,f,2023-01-25 10:36:39,2023-01-25 10:36:39,
168,FOOD,FOOD PACKING,f,2023-01-25 10:36:39,2023-01-25 10:36:39,
169,FOOD ADD,FOOD ADDITIVES,f,2023-01-25 10:36:39,2023-01-25 10:36:39,
170,FOODSTUFFS,FOODSTUFFS,f,2023-01-25 10:36:39,2023-01-25 10:36:39,
171,FOOTWEAR,FOOTWEAR,f,2023-01-25 10:36:39,2023-01-25 10:36:39,
172,FORMING FA,FORMING FABRIC,f,2023-01-25 10:36:39,2023-01-25 10:36:39,
173,FOUNDRY,FOUNDRY INDUSTRIAL USEA,f,2023-01-25 10:36:39,2023-01-25 10:36:39,
174,FOURIER,FOURIER TRANSFORM NEAR INFRARED,f,2023-01-25 10:36:39,2023-01-25 10:36:39,
175,FRONT,FRONT AXLE,f,2023-01-25 10:36:39,2023-01-25 10:36:39,
176,FURAL,FURALDEHYDES,f,2023-01-25 10:36:39,2023-01-25 10:36:39,
177,FURNITURE,FURNITURE,f,2023-01-25 10:36:39,2023-01-25 10:36:39,
178,GALLON,GALLON SCHNEIDER ALUMOX,f,2023-01-25 10:36:39,2023-01-25 10:36:39,
179,GARDERN,GARDEN EQUIPMENT,f,2023-01-25 10:36:39,2023-01-25 10:36:39,
180,GARMENT,GARMENT,f,2023-01-25 10:36:39,2023-01-25 10:36:39,
181,GAS STOVE,GAS STOVE,f,2023-01-25 10:36:39,2023-01-25 10:36:39,
182,GASCOMP,GAS COMPRESSOR ROTOR ASSEMBLY HP,t,2023-01-25 10:36:39,2023-01-25 10:36:39,
183,GEARBOX,GEARBOX,f,2023-01-25 10:36:39,2023-01-25 10:36:39,
184,GEARREDUCE,GEAR REDUCER,f,2023-01-25 10:36:39,2023-01-25 10:36:39,
185,GIFT,EMPTY BOTTLE & POUCH,f,2023-01-25 10:36:39,2023-01-25 10:36:39,
186,GIFTBOX,GIFT BOX,f,2023-01-25 10:36:39,2023-01-25 10:36:39,
187,GLAND,GLAND,f,2023-01-25 10:36:39,2023-01-25 10:36:39,
188,GLASS,GLASS,f,2023-01-25 10:36:39,2023-01-25 10:36:39,
189,GLOVE,GLOVE,f,2023-01-25 10:36:39,2023-01-25 10:36:39,
190,GND,GONDOLA,f,2023-01-25 10:36:39,2023-01-25 10:36:39,
191,GRISEOFULV,GRISEOFULVIN,f,2023-01-25 10:36:39,2023-01-25 10:36:39,
192,GRUNDFOS,GRUNDFOS PUMP,f,2023-01-25 10:36:39,2023-01-25 10:36:39,
193,GYPS,GYPSUM BOARD,f,2023-01-25 10:36:39,2023-01-25 10:36:39,
194,HAIR CARE,HAIR CARE PRODUCTS,f,2023-01-25 10:36:39,2023-01-25 10:36:39,
195,HAIRCLIPPE,HAIRCLIPPERS,f,2023-01-25 10:36:39,2023-01-25 10:36:39,
196,HAMMER,HAMMER PIN CHIP SIZER,f,2023-01-25 10:36:39,2023-01-25 10:36:39,
197,HANAMAYA,HANAMAYA - DRUM RELAXER WASHING RANGE SYSTEM,f,2023-01-25 10:36:39,2023-01-25 10:36:39,
198,HANDHELD,PERSONAL HANDHELD FACIAL MASSAGER,f,2023-01-25 10:36:39,2023-01-25 10:36:39,
199,HANDPHONE,HANDPHONE,f,2023-01-25 10:36:39,2023-01-25 10:36:39,
200,HC,HOIST COMPONENT,f,2023-01-25 10:36:39,2023-01-25 10:36:39,
201,HDPE,HDPE SINGLE WALL CORRUGATED PIPPE ,f,2023-01-25 10:36:39,2023-01-25 10:36:39,
202,HDPE DIMPL,HDPE DIMPLE GEOMEMBRANE,f,2023-01-25 10:36:39,2023-01-25 10:36:39,
203,HDR,HANDICRAFTS,f,2023-01-25 10:36:39,2023-01-25 10:36:39,
204,HEADBAND,HEADBAND,f,2023-01-25 10:36:39,2023-01-25 10:36:39,
205,HEADSET,HEADSET,f,2023-01-25 10:36:39,2023-01-25 10:36:39,
206,HEALTH PDT,HEALTH PRODUCT,f,2023-01-25 10:36:39,2023-01-25 10:36:39,
207,HIGH PRESS,HIGH PRESSURE REGULATOR FOR CNG BAWEAN,f,2023-01-25 10:36:39,2023-01-25 10:36:39,
208,HOIST,CROSS & LONG TRAVEL SYSTEM,f,2023-01-25 10:36:39,2023-01-25 10:36:39,
209,HOOK,SPRING NECKLACE LINGERIE METAL SLIDER,f,2023-01-25 10:36:39,2023-01-25 10:36:39,
210,HOOKS,HOOKS & EYE,f,2023-01-25 10:36:39,2023-01-25 10:36:39,
211,HOP,HOUSEHOLD OF PRODUCTS,f,2023-01-25 10:36:39,2023-01-25 10:36:39,
212,HOSEREEL,HOSEREEL,f,2023-01-25 10:36:39,2023-01-25 10:36:39,
213,HOTFLUX,HOTFLUX,f,2023-01-25 10:36:39,2023-01-25 10:36:39,
214,HOUSING,HOUSING,f,2023-01-25 10:36:39,2023-01-25 10:36:39,
215,HW MONSTER,HW MONSTER,f,2023-01-25 10:36:39,2023-01-25 10:36:39,
216,HXN,HEXAGON NUTS,f,2023-01-25 10:36:39,2023-01-25 10:36:39,
217,HYDMECHJAR,DA HYD/MECH DRILLING JAR,f,2023-01-25 10:36:39,2023-01-25 10:36:39,
218,IMPELLER,IMPELLER,f,2023-01-25 10:36:39,2023-01-25 10:36:39,
219,INDUCTION,INDUCTION MOTOR,f,2023-01-25 10:36:39,2023-01-25 10:36:39,
220,INDUS AIR,INDUSTRIAL AIRCON PARTS,f,2023-01-25 10:36:39,2023-01-25 10:36:39,
221,INK,PRINTING INK,f,2023-01-25 10:36:39,2023-01-25 10:36:39,
222,INSULATION,INSULATION BOARD,f,2023-01-25 10:36:39,2023-01-25 10:36:39,
223,IRON REMOV,IRON REMOVAL FILTER ,f,2023-01-25 10:36:39,2023-01-25 10:36:39,
224,JACKETS,LEATHER JACKETS,f,2023-01-25 10:36:39,2023-01-25 10:36:39,
225,JEFFAMINE,JEFFAMINE,f,2023-01-25 10:36:39,2023-01-25 10:36:39,
226,KITCHEN,KITCHEN GOODS (LUNCH BOX),f,2023-01-25 10:36:39,2023-01-25 10:36:39,
227,KNIFE,CHIFFER KNIFE,f,2023-01-25 10:36:39,2023-01-25 10:36:39,
228,KNITTED,KNITTED FABRIC,f,2023-01-25 10:36:39,2023-01-25 10:36:39,
229,KNOB,KNOB LOCK,f,2023-01-25 10:36:39,2023-01-25 10:36:39,
230,KNUCKLE-F,KNUCKLE-F,f,2023-01-25 10:36:39,2023-01-25 10:36:39,
231,LAB,LABORATORY EQUIPMENT,f,2023-01-25 10:36:39,2023-01-25 10:36:39,
232,LABEL,LABEL & BUTTON,f,2023-01-25 10:36:39,2023-01-25 10:36:39,
233,LABPRO,LABORATORY PRODUCTS,f,2023-01-25 10:36:39,2023-01-25 10:36:39,
234,LACE,100% NON-STRETCH EYELASH LACE,f,2023-01-25 10:36:39,2023-01-25 10:36:39,
235,LADIES BRA,LADIES BRA,f,2023-01-25 10:36:39,2023-01-25 10:36:39,
236,LASER,HP LASER JET ENTERPRISE 700 COLOR MFP M775F,f,2023-01-25 10:36:39,2023-01-25 10:36:39,
237,LEATHER,SEMI-PRODUCT OF PU LEATHER,f,2023-01-25 10:36:39,2023-01-25 10:36:39,
238,LED LAMP,LED LAMP,f,2023-01-25 10:36:39,2023-01-25 10:36:39,
239,LENS,LENS POLISHING COMPOUND,f,2023-01-25 10:36:39,2023-01-25 10:36:39,
240,LH,LAMP HOLDER,f,2023-01-25 10:36:39,2023-01-25 10:36:39,
241,LIGHTER,LIGHTER,f,2023-01-25 10:36:39,2023-01-25 10:36:39,
242,LIGHTING,LIGHTING,f,2023-01-25 10:36:39,2023-01-25 10:36:39,
243,LINING MIC,NON WOVEN LINING MICROLINE,f,2023-01-25 10:36:39,2023-01-25 10:36:39,
244,LIVE FISH,LIVE FISH,f,2023-01-25 10:36:39,2023-01-25 10:36:39,
245,LOAD PORT,LOAD PORT,f,2023-01-25 10:36:39,2023-01-25 10:36:39,
246,LOCHOU,LOCK HOUSING OFF HOUSING,f,2023-01-25 10:36:39,2023-01-25 10:36:39,
247,LONG,LONG TRAVEL SYSTEM,f,2023-01-25 10:36:39,2023-01-25 10:36:39,
248,LUBRICANT,LUBRICANT,f,2023-01-25 10:36:39,2023-01-25 10:36:39,
249,MACHINE,MACHINE,f,2023-01-25 10:36:39,2023-01-25 10:36:39,
250,MAKE-UP,MAKE-UP COSMETICS & ACCESSORIES,f,2023-01-25 10:36:39,2023-01-25 10:36:39,
251,MALEIC,MALEIC ANHYDRIDE,f,2023-01-25 10:36:39,2023-01-25 10:36:39,
252,MANIFOLD,MANIFOLD  SD MICROFLUX CONTROL GEN 2,f,2023-01-25 10:36:39,2023-01-25 10:36:39,
253,MARINE,MARINE ENGINE SPAREPARTS,f,2023-01-25 10:36:39,2023-01-25 10:36:39,
254,MATERIAL,MATERIAL OF FOOTWEAR,f,2023-01-25 10:36:39,2023-01-25 10:36:39,
255,MATERIALS,KNITTED,f,2023-01-25 10:36:39,2023-01-25 10:36:39,
256,MATTEL TOY,MATTEL TOYS VEHICLES,f,2023-01-25 10:36:39,2023-01-25 10:36:39,
257,MAXROY,MAXROY B HAD SIMPLEX PUMP,f,2023-01-25 10:36:39,2023-01-25 10:36:39,
258,MECHANICAL,MECHANICAL SEALED PUMP LONG COUPLED CENTRIFUGAL ,f,2023-01-25 10:36:39,2023-01-25 10:36:39,
259,MECHINE,PROKING,f,2023-01-25 10:36:39,2023-01-25 10:36:39,
260,MEDICINE, LAXAL/ABFUH ( MEDICINE ),f,2023-01-25 10:36:39,2023-01-25 10:36:39,
261,MELACIDE,MELACIDE SC20,f,2023-01-25 10:36:39,2023-01-25 10:36:39,
262,MEN SUITS,MEN SUITS,f,2023-01-25 10:36:39,2023-01-25 10:36:39,
263,METHANOL,METHANOL,f,2023-01-25 10:36:39,2023-01-25 10:36:39,
264,METHYL,METHYL SALICYLATE 99% MIN.,f,2023-01-25 10:36:39,2023-01-25 10:36:39,
265,METHYL N,N- METHYL-2-PYRROLIDINONE,f,2023-01-25 10:36:39,2023-01-25 10:36:39,
266,MICROLINER,MICROLINER BEIGE,f,2023-01-25 10:36:39,2023-01-25 10:36:39,
267,MOLD PARTS,MOLD PARTS,f,2023-01-25 10:36:39,2023-01-25 10:36:39,
268,MOP,MOP HEAD,f,2023-01-25 10:36:39,2023-01-25 10:36:39,
269,MOTOREX,MOTORCYCLE EXHAUST,f,2023-01-25 10:36:39,2023-01-25 10:36:39,
270,MOULD,MOULD,f,2023-01-25 10:36:39,2023-01-25 10:36:39,
271,MOULDS,FILLING LINE MOULDS,f,2023-01-25 10:36:39,2023-01-25 10:36:39,
272,MPG,MONO PROPYLENE GLYCOL,f,2023-01-25 10:36:39,2023-01-25 10:36:39,
273,MROY A PUM,MROY A PUMP,f,2023-01-25 10:36:39,2023-01-25 10:36:39,
274,MTR,FAN MOTOR & CAPACITOR,f,2023-01-25 10:36:39,2023-01-25 10:36:39,
275,MUD PUMP,MUD PUMP & ACCESSORIES,f,2023-01-25 10:36:39,2023-01-25 10:36:39,
276,MUFFLER,MUFFLER ,f,2023-01-25 10:36:39,2023-01-25 10:36:39,
277,MUSICAL,MUSICAL INSTRUMENT,f,2023-01-25 10:36:39,2023-01-25 10:36:39,
278,NB,NEON TUBE,f,2023-01-25 10:36:39,2023-01-25 10:36:39,
279,NECKLACE,NECKLACE,f,2023-01-25 10:36:39,2023-01-25 10:36:39,
280,NICKEL,NICKEL ALLOY MATERIAL,f,2023-01-25 10:36:39,2023-01-25 10:36:39,
281,NITRO,NITROGEN,f,2023-01-25 10:36:39,2023-01-25 10:36:39,
282,NON WOVEN,NO WOVEN SYNTHETIC LEATHER,f,2023-01-25 10:36:39,2023-01-25 10:36:39,
283,NONWEOVEN,NONWEOVEN.,f,2023-01-25 10:36:39,2023-01-25 10:36:39,
284,NONWOVEN,NONWOVEN BAG,f,2023-01-25 10:36:39,2023-01-25 10:36:39,
285,NOODLES,NOODLES,f,2023-01-25 10:36:39,2023-01-25 10:36:39,
286,NORDWOGE,NORDWOGE,f,2023-01-25 10:36:39,2023-01-25 10:36:39,
287,NOTEBOOK,NOTEBOOK,f,2023-01-25 10:36:39,2023-01-25 10:36:39,
288,O1,OIL / LUBRICANTS,f,2023-01-25 10:36:39,2023-01-25 10:36:39,
289,OFF1,OFFICE EQUIPMENT,f,2023-01-25 10:36:39,2023-01-25 10:36:39,
290,OILS,HERBAL OILS,f,2023-01-25 10:36:39,2023-01-25 10:36:39,
291,OILWELL,OILWELL EQUIPMENT,f,2023-01-25 10:36:39,2023-01-25 10:36:39,
292,OILWELSUP,OILWELL SUPPLIES ,f,2023-01-25 10:36:39,2023-01-25 10:36:39,
293,OUTBOARD,OUTBOARD MOTOR,f,2023-01-25 10:36:39,2023-01-25 10:36:39,
294,P/PLTS,PLASTIC PALLETS,f,2023-01-25 10:36:39,2023-01-25 10:36:39,
295,PALM,PALM OIL PRESS & SPARE PARTS,f,2023-01-25 10:36:39,2023-01-25 10:36:39,
296,PANT,PANT,f,2023-01-25 10:36:39,2023-01-25 10:36:39,
297,PAPER,RELEASE PAPER,f,2023-01-25 10:36:39,2023-01-25 10:36:39,
298,PAPER BOAR,PAPER BOARD,f,2023-01-25 10:36:39,2023-01-25 10:36:39,
299,PART,SHOCK ABSORBER,f,2023-01-25 10:36:39,2023-01-25 10:36:39,
300,PART OF PO,PART OF POWER PLANT EQUIPMENT,f,2023-01-25 10:36:39,2023-01-25 10:36:39,
301,PARTS AUTO,PARTS FOR AUTOMOTIVE,f,2023-01-25 10:36:39,2023-01-25 10:36:39,
302,PARTS ROLL,PART OF ROLLING MILL EQUIPMENT,f,2023-01-25 10:36:39,2023-01-25 10:36:39,
303,PATCH,PATCHOULI OIL,f,2023-01-25 10:36:39,2023-01-25 10:36:39,
304,PATTERN,PATTERN PLATE ,f,2023-01-25 10:36:39,2023-01-25 10:36:39,
305,PCS,PIECES,f,2023-01-25 10:36:39,2023-01-25 10:36:39,
306,PERSONAL,PERSONAL EFFECTS,f,2023-01-25 10:36:39,2023-01-25 10:36:39,
307,PETG CLEAR,PETG CLEAR SHRINK FILM,f,2023-01-25 10:36:39,2023-01-25 10:36:39,
308,PHARMACY,PHARMACEUTICALS PRODUCTS ,f,2023-01-25 10:36:39,2023-01-25 10:36:39,
309,PICOT,PICOT ELASTIC W/SILICON,f,2023-01-25 10:36:39,2023-01-25 10:36:39,
310,PIGMENT,PIGMENT COLOR,f,2023-01-25 10:36:39,2023-01-25 10:36:39,
311,PILLOW MIS,PILLOW MIST,f,2023-01-25 10:36:39,2023-01-25 10:36:39,
312,PIVOT,PIVOT CENTER,f,2023-01-25 10:36:39,2023-01-25 10:36:39,
313,PKGS,PACKAGES,f,2023-01-25 10:36:39,2023-01-25 10:36:39,
314,PLASTIC,PLASTIC CASE,f,2023-01-25 10:36:39,2023-01-25 10:36:39,
315,PLASTIC TO,PLASTIC TOYS,f,2023-01-25 10:36:39,2023-01-25 10:36:39,
316,PLASTICS,FLEXIBLE PLASTICS,f,2023-01-25 10:36:39,2023-01-25 10:36:39,
317,PLASTIK,PLASTIK WARE,f,2023-01-25 10:36:39,2023-01-25 10:36:39,
318,PLT,PALLETS,f,2023-01-25 10:36:39,2023-01-25 10:36:39,
319,PLYWDCS,PLYWOOD CASES,f,2023-01-25 10:36:39,2023-01-25 10:36:39,
320,POLY,POLYESTER,f,2023-01-25 10:36:39,2023-01-25 10:36:39,
321,POLY BUBBL,POLY BUBBLE MAILER,f,2023-01-25 10:36:39,2023-01-25 10:36:39,
322,POLYESTER,POLYESYER TWILL,f,2023-01-25 10:36:39,2023-01-25 10:36:39,
323,POLYVINYL,POLYVINYL ALCOHOL,f,2023-01-25 10:36:39,2023-01-25 10:36:39,
324,POLYWAX,POLYEHYLENE WAX,f,2023-01-25 10:36:39,2023-01-25 10:36:39,
325,PORCELAIN,PORCELAIN,f,2023-01-25 10:36:39,2023-01-25 10:36:39,
326,POWDER,PEARL POWDER,f,2023-01-25 10:36:39,2023-01-25 10:36:39,
327,POWER CABL,POWER CABLE,f,2023-01-25 10:36:39,2023-01-25 10:36:39,
328,PRESSURE,PRESSURE ,f,2023-01-25 10:36:39,2023-01-25 10:36:39,
329,PRINTERS,PRINTERS & SPARES,f,2023-01-25 10:36:39,2023-01-25 10:36:39,
330,PROTECTION,PROTECTION TAPE,f,2023-01-25 10:36:39,2023-01-25 10:36:39,
331,PSL,PU SYNTHETIC LEATHER,f,2023-01-25 10:36:39,2023-01-25 10:36:39,
332,PULVERIZED,PULVERIZED,f,2023-01-25 10:36:39,2023-01-25 10:36:39,
333,PUMP,PUMP,f,2023-01-25 10:36:39,2023-01-25 10:36:39,
334,PVC,FABRIC - PVC,f,2023-01-25 10:36:39,2023-01-25 10:36:39,
335,PVC SIMPLE,PVC SIMPLEX,f,2023-01-25 10:36:39,2023-01-25 10:36:39,
336,QUICSE,QUICSEAL,f,2023-01-25 10:36:39,2023-01-25 10:36:39,
337,QUININE,QUININE,f,2023-01-25 10:36:39,2023-01-25 10:36:39,
338,RACKING,RACKING,f,2023-01-25 10:36:39,2023-01-25 10:36:39,
339,RAPAIR MIC,REPAIR MICRO CONTROLLER,f,2023-01-25 10:36:39,2023-01-25 10:36:39,
340,READY,READY MADE GARMENTS,f,2023-01-25 10:36:39,2023-01-25 10:36:39,
341,REGULATOR,PRESSURE REGULATOR,f,2023-01-25 10:36:39,2023-01-25 10:36:39,
342,RELAY,RELAY,f,2023-01-25 10:36:39,2023-01-25 10:36:39,
343,RESIN,RESIN SOLUTIONS,f,2023-01-25 10:36:39,2023-01-25 10:36:39,
344,RIFLE,RIFLE SCOPE,f,2023-01-25 10:36:39,2023-01-25 10:36:39,
345,RO,ROLLS,f,2023-01-25 10:36:39,2023-01-25 10:36:39,
346,ROASTED CO,ROASTED COFFEE BEAN,f,2023-01-25 10:36:39,2023-01-25 10:36:39,
347,ROLL TYPE,ROLL TYPE SEAL,f,2023-01-25 10:36:39,2023-01-25 10:36:39,
348,ROLLER,ROLLER ASSY,f,2023-01-25 10:36:39,2023-01-25 10:36:39,
349,ROMAR,ROMAR SS1000 SWARF RECOVERY PACKAGE C/W ACC,f,2023-01-25 10:36:39,2023-01-25 10:36:39,
350,RS,RESISTOR,f,2023-01-25 10:36:39,2023-01-25 10:36:39,
351,RTR,ROTOR CONTAINER,f,2023-01-25 10:36:39,2023-01-25 10:36:39,
352,RUBBER CON,RUBBER CONVEYOR BELT,f,2023-01-25 10:36:39,2023-01-25 10:36:39,
353,RUBSTRIP,RUBER STRIPS,f,2023-01-25 10:36:39,2023-01-25 10:36:39,
354,SAFETY VAL,BOPP & REUTHER (GERMANY) SAFETY VALE,f,2023-01-25 10:36:39,2023-01-25 10:36:39,
355,SAID TO CO,SAID TO CONTAIN:,f,2023-01-25 10:36:39,2023-01-25 10:36:39,
356,SAMPLE,SAMPLE,f,2023-01-25 10:36:39,2023-01-25 10:36:39,
357,SAND,INTENSIFIER OF SAND,f,2023-01-25 10:36:39,2023-01-25 10:36:39,
358,SAUCE,SOY SAUCE,f,2023-01-25 10:36:39,2023-01-25 10:36:39,
359,SCRAP,SCRAP,f,2023-01-25 10:36:39,2023-01-25 10:36:39,
360,SEQUENCING,SEQUENCING VALVE ,f,2023-01-25 10:36:39,2023-01-25 10:36:39,
361,SHEAR,SHEAR ,f,2023-01-25 10:36:39,2023-01-25 10:36:39,
362,SHEET,SHEET,f,2023-01-25 10:36:39,2023-01-25 10:36:39,
363,SHIPPERS,SHIPPERS LOAD & COUNT,f,2023-01-25 10:36:39,2023-01-25 10:36:39,
364,SHOE,SHOE FLAT LACE,f,2023-01-25 10:36:39,2023-01-25 10:36:39,
365,SHOES,SHOES ,f,2023-01-25 10:36:39,2023-01-25 10:36:39,
366,SILICON,SILICON MANGANESE,f,2023-01-25 10:36:39,2023-01-25 10:36:39,
367,SINARWHITE,SINAR WHITE C POWDER,f,2023-01-25 10:36:39,2023-01-25 10:36:39,
368,SKD,SKIDS,f,2023-01-25 10:36:39,2023-01-25 10:36:39,
369,SLAT,SLAT CONVEYOR & ANTI SLIP FILM,f,2023-01-25 10:36:39,2023-01-25 10:36:39,
370,SLVPST,SILVER PASTE,f,2023-01-25 10:36:39,2023-01-25 10:36:39,
371,SOCKS,SOCKS,f,2023-01-25 10:36:39,2023-01-25 10:36:39,
372,SOLAR PAN,SOLAR PANEL,f,2023-01-25 10:36:39,2023-01-25 10:36:39,
373,SORVALL BI,SORVALL BIOS,f,2023-01-25 10:36:39,2023-01-25 10:36:39,
374,SOUND,SOUND INSULATION PLATE,f,2023-01-25 10:36:39,2023-01-25 10:36:39,
375,SP,SCALE PARTS,f,2023-01-25 10:36:39,2023-01-25 10:36:39,
376,SPARE PART,SPARE PARTS,f,2023-01-25 10:36:39,2023-01-25 10:36:39,
377,SPEAKER,SPEAKER SYSTEM,f,2023-01-25 10:36:39,2023-01-25 10:36:39,
378,SPLINED MA,SPLINED MANDREL,f,2023-01-25 10:36:39,2023-01-25 10:36:39,
379,SPONGE ROL,SPONGE ROLLS,f,2023-01-25 10:36:39,2023-01-25 10:36:39,
380,SPRAY,SPRAY,f,2023-01-25 10:36:39,2023-01-25 10:36:39,
381,SPRAYER,SPRAYER & SPRAYER HEAD,f,2023-01-25 10:36:39,2023-01-25 10:36:39,
382,SPRING,SPRING,f,2023-01-25 10:36:39,2023-01-25 10:36:39,
383,SPROCKET,"",f,2023-01-25 10:36:39,2023-01-25 10:36:39,
384,ST,STATEX,f,2023-01-25 10:36:39,2023-01-25 10:36:39,
385,STAGE EQ,STAGE EQUIPMENT,f,2023-01-25 10:36:39,2023-01-25 10:36:39,
386,STAGEPUMP,STAGE PUMP,f,2023-01-25 10:36:39,2023-01-25 10:36:39,
387,STAINLESS,STAINLESS STEEL,f,2023-01-25 10:36:39,2023-01-25 10:36:39,
388,STAIRLIFT,STAIRLIFT/PARTS,f,2023-01-25 10:36:39,2023-01-25 10:36:39,
389,STATIONERY,STATIONERY,f,2023-01-25 10:36:39,2023-01-25 10:36:39,
390,STATOR,STATOR,f,2023-01-25 10:36:39,2023-01-25 10:36:39,
391,STEEL STRI,STEEL STRIP,f,2023-01-25 10:36:39,2023-01-25 10:36:39,
392,STEELPIPE,STEEL PIPE,f,2023-01-25 10:36:39,2023-01-25 10:36:39,
393,STEPHANIE,STEPHANIE CHAIR,f,2023-01-25 10:36:39,2023-01-25 10:36:39,
394,STERILE,STERILE COMPOUNDING TANK,f,2023-01-25 10:36:39,2023-01-25 10:36:39,
395,SUB ATLANT,SUB ATLANTIC MOJAVE,f,2023-01-25 10:36:39,2023-01-25 10:36:39,
396,SURGICAL,SURGICAL GLOVE,f,2023-01-25 10:36:39,2023-01-25 10:36:39,
397,SWIMMING,SWIMMING EQUIPMENT,f,2023-01-25 10:36:39,2023-01-25 10:36:39,
398,SYNC MO,SYNCHRONOUS MOTOR ,f,2023-01-25 10:36:39,2023-01-25 10:36:39,
399,SYNTHETIC,SYNTHETIC FIBRE,f,2023-01-25 10:36:39,2023-01-25 10:36:39,
400,TANDEM,TANDEM ROLLER,f,2023-01-25 10:36:39,2023-01-25 10:36:39,
401,TAPE01,ADHESIVE TAPE,f,2023-01-25 10:36:39,2023-01-25 10:36:39,
402,TASSELS,CHAIN BELT W/TASSELS ENDS PLASTIC CHAIN LINK,f,2023-01-25 10:36:39,2023-01-25 10:36:39,
403,TD2,TD2,f,2023-01-25 10:36:39,2023-01-25 10:36:39,
404,TER,TERMINAL,f,2023-01-25 10:36:39,2023-01-25 10:36:39,
405,TEXTILE,TEXTILE,f,2023-01-25 10:36:39,2023-01-25 10:36:39,
406,TIPPING PA,TIPPING PAPER,f,2023-01-25 10:36:39,2023-01-25 10:36:39,
407,TJA,TJA PARTS ,f,2023-01-25 10:36:39,2023-01-25 10:36:39,
408,TJA PARTS,MODEL NO. EW2-19/26L (S),f,2023-01-25 10:36:39,2023-01-25 10:36:39,
409,TJP,TJA PARTS MODEL NO. EW2-22/30R(G),f,2023-01-25 10:36:39,2023-01-25 10:36:39,
410,TL,TOOLS,f,2023-01-25 10:36:39,2023-01-25 10:36:39,
411,TOILETRIES,SHAMPOO/SOAP/TOOTHPASTE/TOILETRIES/CONDITIONER,f,2023-01-25 10:36:39,2023-01-25 10:36:39,
412,TOILETWARE,TOILETWARES,f,2023-01-25 10:36:39,2023-01-25 10:36:39,
413,TOWEL,COMPRESS TOWEL,f,2023-01-25 10:36:39,2023-01-25 10:36:39,
414,TOY,YOYS MTI,f,2023-01-25 10:36:39,2023-01-25 10:36:39,
415,TOYS ACC,TOYS AND ACCESSORIES,f,2023-01-25 10:36:39,2023-01-25 10:36:39,
416,TRACTOR,TRACTOR,f,2023-01-25 10:36:39,2023-01-25 10:36:39,
417,TRANSFORME,TRANSFORMER FOR BIODEGRADABLE,f,2023-01-25 10:36:39,2023-01-25 10:36:39,
418,TROL,TROLLEY WHEEL,f,2023-01-25 10:36:39,2023-01-25 10:36:39,
419,TUNNEL,TUNNEL DRYING OVEN,f,2023-01-25 10:36:39,2023-01-25 10:36:39,
420,TURBINE,STEAM TURBINE ACCESSORIES,f,2023-01-25 10:36:39,2023-01-25 10:36:39,
421,TWISTLOCK,TWISTLOCK,f,2023-01-25 10:36:39,2023-01-25 10:36:39,
422,TYMICONON,TYMICO NON-TENSION SHRINK DRYER,f,2023-01-25 10:36:39,2023-01-25 10:36:39,
423,UMB,UMBRELLA,f,2023-01-25 10:36:39,2023-01-25 10:36:39,
424,UN BOX,UN BOX,f,2023-01-25 10:36:39,2023-01-25 10:36:39,
425,UNF,UN FIBREBOARD BOX,f,2023-01-25 10:36:39,2023-01-25 10:36:39,
426,UNITS,2 UNITS TUBULAR HEAT SETTING MACHINE,f,2023-01-25 10:36:39,2023-01-25 10:36:39,
427,USB,USB FLASH DRIVE,f,2023-01-25 10:36:39,2023-01-25 10:36:39,
428,USED,USED EQUIPMENT,f,2023-01-25 10:36:39,2023-01-25 10:36:39,
429,VACUUM,VACUUM,f,2023-01-25 10:36:39,2023-01-25 10:36:39,
430,VALVE,VALVE,f,2023-01-25 10:36:39,2023-01-25 10:36:39,
431,VALVES,JORDAN VALVE (USA) PRESSURE REDUCING VALVES,f,2023-01-25 10:36:39,2023-01-25 10:36:39,
432,VANILLA,VANILLA DRY ,f,2023-01-25 10:36:39,2023-01-25 10:36:39,
433,VEHICLE,VEHICLE,f,2023-01-25 10:36:39,2023-01-25 10:36:39,
434,VELVET,VELVET VELOUR PLUM,f,2023-01-25 10:36:39,2023-01-25 10:36:39,
435,VERSI,VERSICELL,f,2023-01-25 10:36:39,2023-01-25 10:36:39,
436,VETIVER,VETIVER OIL,f,2023-01-25 10:36:39,2023-01-25 10:36:39,
437,VINYL,VINYL,f,2023-01-25 10:36:39,2023-01-25 10:36:39,
438,VIOLET,VIOLET LABEL,f,2023-01-25 10:36:39,2023-01-25 10:36:39,
439,VNLA,VANILLA ,f,2023-01-25 10:36:39,2023-01-25 10:36:39,
440,WALLPAPER,WALLPAPER,f,2023-01-25 10:36:39,2023-01-25 10:36:39,
441,WASHABLE,CANVAS WASHABLE TOTE BAG,f,2023-01-25 10:36:39,2023-01-25 10:36:39,
442,WASHER,WASHER EXTRAXTOR,f,2023-01-25 10:36:39,2023-01-25 10:36:39,
443,WATER,WATER TREATMENT,f,2023-01-25 10:36:39,2023-01-25 10:36:39,
444,WCS,WOODEN CASE,f,2023-01-25 10:36:39,2023-01-25 10:36:39,
445,WELDING,WELDING MACHINE,f,2023-01-25 10:36:39,2023-01-25 10:36:39,
446,WGR,WORM GEAR REDUCER,f,2023-01-25 10:36:39,2023-01-25 10:36:39,
447,WHEEL CHAI,WHEEL CHAIR LIFT,f,2023-01-25 10:36:39,2023-01-25 10:36:39,
448,WINCH,WINCH,f,2023-01-25 10:36:39,2023-01-25 10:36:39,
449,WOODPEL,WOOD PELLETS,f,2023-01-25 10:36:39,2023-01-25 10:36:39,
450,WOODPLT,WOODEN PALLET,f,2023-01-25 10:36:39,2023-01-25 10:36:39,
451,WRAP FILM,WRAPPING FILM,f,2023-01-25 10:36:39,2023-01-25 10:36:39,
452,WRAPMACHIN,WRAPPING MACHINE,f,2023-01-25 10:36:39,2023-01-25 10:36:39,
453,WRAPPING,WRAPPING PAPER,f,2023-01-25 10:36:39,2023-01-25 10:36:39,
454,YARD,YARD,f,2023-01-25 10:36:39,2023-01-25 10:36:39,
455,YONEX,YONEX BADMINTON FRAME WITH COVER,f,2023-01-25 10:36:39,2023-01-25 10:36:39,
456,ZINC,ZINC ,f,2023-01-25 10:36:39,2023-01-25 10:36:39,
457,ZIPPERS,ZIPPERS,f,2023-01-25 10:36:39,2023-01-25 10:36:39,
